-- --------------------------------------------------------
-- 호스트:                          127.0.0.1
-- 서버 버전:                        10.6.16-MariaDB - mariadb.org binary distribution
-- 서버 OS:                        Win64
-- HeidiSQL 버전:                  12.3.0.6589
-- --------------------------------------------------------

/*!40101 SET @OLD_CHARACTER_SET_CLIENT=@@CHARACTER_SET_CLIENT */;
/*!40101 SET NAMES utf8 */;
/*!50503 SET NAMES utf8mb4 */;
/*!40103 SET @OLD_TIME_ZONE=@@TIME_ZONE */;
/*!40103 SET TIME_ZONE='+00:00' */;
/*!40014 SET @OLD_FOREIGN_KEY_CHECKS=@@FOREIGN_KEY_CHECKS, FOREIGN_KEY_CHECKS=0 */;
/*!40101 SET @OLD_SQL_MODE=@@SQL_MODE, SQL_MODE='NO_AUTO_VALUE_ON_ZERO' */;
/*!40111 SET @OLD_SQL_NOTES=@@SQL_NOTES, SQL_NOTES=0 */;


-- dbdbdeep 데이터베이스 구조 내보내기
CREATE DATABASE IF NOT EXISTS `dbdbdeep` /*!40100 DEFAULT CHARACTER SET utf8mb3 COLLATE utf8mb3_general_ci */;
USE `dbdbdeep`;

-- 테이블 dbdbdeep.applier 구조 내보내기
CREATE TABLE IF NOT EXISTS `applier` (
  `ap_id` int(11) NOT NULL,
  `ap_name` varchar(20) NOT NULL,
  `ap_phone` varchar(20) DEFAULT NULL,
  `ap_mail` varchar(50) DEFAULT NULL,
  `ap_gen` int(11) NOT NULL,
  `ap_date` date NOT NULL,
  `ap_major` varchar(20) DEFAULT NULL,
  PRIMARY KEY (`ap_id`)
) ENGINE=InnoDB DEFAULT CHARSET=utf8mb3 COLLATE=utf8mb3_general_ci;

-- 테이블 데이터 dbdbdeep.applier:~40 rows (대략적) 내보내기
INSERT INTO `applier` (`ap_id`, `ap_name`, `ap_phone`, `ap_mail`, `ap_gen`, `ap_date`, `ap_major`) VALUES
	(1, '최서준', '010-3996-9585', 'cchristaeas0@tamu.edu', 3, '2023-09-02', 'y'),
	(2, '이준호', '010-3441-0343', 'gbettinson1@fc2.com', 3, '2023-09-05', 'y'),
	(3, '강소민', '010-8494-4834', 'ageertz2@acquirethisname.com', 3, '2023-09-05', 'y'),
	(4, '방채원', '010-8887-5233', 'codd3@furl.net', 3, '2023-09-03', 'y'),
	(5, '백소민', '010-8200-1872', 'cwarlaw4@dagondesign.com', 3, '2023-09-04', 'n'),
	(6, '강소민', '010-9517-2898', 'jcolledge5@google.it', 3, '2023-09-01', 'n'),
	(7, '최민준', '010-2996-3738', 'asilwood6@skyrock.com', 3, '2023-09-01', 'y'),
	(8, '김민지', '010-5387-3237', 'hbucknill7@topsy.com', 3, '2023-09-06', 'n'),
	(9, '강준호', '010-2278-3322', 'ocookley8@ning.com', 3, '2023-09-05', 'n'),
	(10, '강민지', '010-8275-4160', 'bcastanaga9@goo.ne.jp', 3, '2023-09-04', 'y'),
	(11, '백지환', '010-6802-0750', 'ejunkinsona@scientificamerican.com', 3, '2023-09-01', 'n'),
	(12, '박지현', '010-0027-3672', 'mpaikeb@ed.gov', 3, '2023-09-04', 'y'),
	(13, '박지헌', '010-0740-1468', 'iwinscomc@youtu.be', 3, '2023-09-06', 'n'),
	(14, '김지민', '010-3107-8691', 'aeakled@about.me', 3, '2023-09-05', 'y'),
	(15, '이서진', '010-0314-6538', 'wrosenbarge@imgur.com', 3, '2023-09-07', 'y'),
	(16, '강민호', '010-9505-9676', 'fellwandf@smh.com.au', 3, '2023-09-05', 'n'),
	(17, '김정현', '010-2969-0954', 'rorkneyg@de.vu', 3, '2023-09-04', 'n'),
	(18, '강소민', '010-3165-7122', 'mpuddephatth@oracle.com', 3, '2023-09-03', 'y'),
	(19, '하지민', '010-1675-1204', 'emcluckyi@histats.com', 3, '2023-09-01', 'y'),
	(20, '고영민', '010-6187-5227', 'alaimablej@over-blog.com', 3, '2023-09-06', 'y'),
	(21, '김혜연', '010-6237-8523', 'pvalentinok@ftc.gov', 3, '2023-09-05', 'n'),
	(22, '박상철', '010-4742-7978', 'aouletl@samsung.com', 3, '2023-09-05', 'n'),
	(23, '신민혁', '010-5680-6113', 'lhelleckasm@com.com', 3, '2023-09-03', 'n'),
	(24, '최소민', '010-7688-3757', 'lspraguen@mysql.com', 3, '2023-09-05', 'n'),
	(25, '박서준', '010-0913-9569', 'rhogbino@exblog.jp', 3, '2023-09-05', 'n'),
	(26, '최아라', '010-9533-1238', 'ddallynp@smugmug.com', 3, '2023-09-01', 'n'),
	(27, '김정인', '010-2340-1078', 'cwhitmoreq@vistaprint.com', 3, '2023-09-03', 'n'),
	(28, '신유경', '010-8619-1353', 'ohexhamr@dedecms.com', 3, '2023-09-01', 'n'),
	(29, '정유진', '010-1083-7917', 'bgillsons@narod.ru', 3, '2023-09-03', 'n'),
	(30, '엄경식', '010-8659-5559', 'owoolliamst@canalblog.com', 3, '2023-09-07', 'y'),
	(31, '김예훈', '010-0749-7443', 'dmerseyu@shareasale.com', 3, '2023-09-06', 'y'),
	(32, '임효진', '010-5684-6204', 'epagenv@clickbank.net', 3, '2023-09-07', 'y'),
	(33, '강현석', '010-0120-5705', 'jlangstonew@people.com.cn', 3, '2023-09-07', 'y'),
	(34, '김조현', '010-7765-1691', 'lelsbyx@virginia.edu', 3, '2023-09-05', 'n'),
	(35, '강지환', '010-9289-5349', 'lalany@skype.com', 3, '2023-09-04', 'y'),
	(36, '고연석', '010-3977-5452', 'gthistletonz@hibu.com', 3, '2023-09-01', 'y'),
	(37, '최아름', '010-2633-2168', 'awalduck10@ycombinator.com', 3, '2023-09-06', 'n'),
	(38, '임효진', '010-4309-8011', 'maldine11@google.co.jp', 3, '2023-09-02', 'y'),
	(39, '강민기', '010-5058-1659', 'lheinecke12@cbc.ca', 3, '2023-09-03', 'y'),
	(40, '오민식', '010-2437-0560', 'gludlom13@gov.uk', 3, '2023-09-04', 'y');

-- 테이블 dbdbdeep.beststudent 구조 내보내기
CREATE TABLE IF NOT EXISTS `beststudent` (
  `std_id` int(11) NOT NULL,
  `score_sum` int(11) NOT NULL,
  PRIMARY KEY (`std_id`),
  CONSTRAINT `FK_Student_TO_BestStudent_1` FOREIGN KEY (`std_id`) REFERENCES `student` (`std_id`)
) ENGINE=InnoDB DEFAULT CHARSET=utf8mb3 COLLATE=utf8mb3_general_ci;

-- 테이블 데이터 dbdbdeep.beststudent:~0 rows (대략적) 내보내기

-- 테이블 dbdbdeep.dormitory 구조 내보내기
CREATE TABLE IF NOT EXISTS `dormitory` (
  `std_id` int(11) NOT NULL,
  PRIMARY KEY (`std_id`),
  CONSTRAINT `FK_Student_TO_Dormitory_1` FOREIGN KEY (`std_id`) REFERENCES `student` (`std_id`)
) ENGINE=InnoDB DEFAULT CHARSET=utf8mb3 COLLATE=utf8mb3_general_ci;

-- 테이블 데이터 dbdbdeep.dormitory:~0 rows (대략적) 내보내기

-- 테이블 dbdbdeep.gen 구조 내보내기
CREATE TABLE IF NOT EXISTS `gen` (
  `gen_id` int(11) NOT NULL,
  `class_num` int(11) NOT NULL,
  `gen_capa` int(11) NOT NULL DEFAULT 30,
  `mg_id` int(11) NOT NULL,
  `tc_id` int(11) NOT NULL,
  PRIMARY KEY (`gen_id`)
) ENGINE=InnoDB DEFAULT CHARSET=utf8mb3 COLLATE=utf8mb3_general_ci;

-- 테이블 데이터 dbdbdeep.gen:~3 rows (대략적) 내보내기
INSERT INTO `gen` (`gen_id`, `class_num`, `gen_capa`, `mg_id`, `tc_id`) VALUES
	(1, 201, 30, 1, 1),
	(2, 202, 30, 2, 2),
	(3, 203, 30, 3, 3);

-- 테이블 dbdbdeep.interview 구조 내보내기
CREATE TABLE IF NOT EXISTS `interview` (
  `itv_date` date NOT NULL,
  `ap_id` int(11) NOT NULL,
  `itv_score` int(11) DEFAULT NULL,
  PRIMARY KEY (`itv_date`,`ap_id`),
  KEY `FK_Applier_TO_Interview_1` (`ap_id`),
  CONSTRAINT `FK_Applier_TO_Interview_1` FOREIGN KEY (`ap_id`) REFERENCES `applier` (`ap_id`)
) ENGINE=InnoDB DEFAULT CHARSET=utf8mb3 COLLATE=utf8mb3_general_ci;

-- 테이블 데이터 dbdbdeep.interview:~40 rows (대략적) 내보내기
INSERT INTO `interview` (`itv_date`, `ap_id`, `itv_score`) VALUES
	('2023-09-18', 1, 90),
	('2023-09-18', 4, 10),
	('2023-09-18', 7, 30),
	('2023-09-18', 8, 60),
	('2023-09-18', 14, 85),
	('2023-09-18', 22, 68),
	('2023-09-18', 24, 92),
	('2023-09-18', 26, 79),
	('2023-09-18', 27, 5),
	('2023-09-18', 30, 85),
	('2023-09-18', 32, 62),
	('2023-09-18', 35, 77),
	('2023-09-18', 38, 93),
	('2023-09-18', 39, 55),
	('2023-09-19', 5, 25),
	('2023-09-19', 9, 85),
	('2023-09-19', 15, 90),
	('2023-09-19', 16, 88),
	('2023-09-19', 18, 72),
	('2023-09-19', 20, 78),
	('2023-09-19', 31, 15),
	('2023-09-19', 36, 18),
	('2023-09-19', 40, 62),
	('2023-09-20', 2, 95),
	('2023-09-20', 3, 50),
	('2023-09-20', 6, 80),
	('2023-09-20', 10, 5),
	('2023-09-20', 13, 40),
	('2023-09-20', 19, 94),
	('2023-09-20', 23, 99),
	('2023-09-20', 25, 15),
	('2023-09-20', 28, 87),
	('2023-09-20', 33, 91),
	('2023-09-20', 34, 42),
	('2023-09-20', 37, 89),
	('2023-09-21', 11, 15),
	('2023-09-21', 12, 20),
	('2023-09-21', 17, 2),
	('2023-09-21', 21, 85),
	('2023-09-21', 29, 98);

-- 테이블 dbdbdeep.manager 구조 내보내기
CREATE TABLE IF NOT EXISTS `manager` (
  `mg_id` int(11) NOT NULL,
  `mg_name` varchar(20) NOT NULL,
  `mg_phone` varchar(20) NOT NULL,
  `mg_mail` varchar(50) NOT NULL,
  PRIMARY KEY (`mg_id`)
) ENGINE=InnoDB DEFAULT CHARSET=utf8mb3 COLLATE=utf8mb3_general_ci;

-- 테이블 데이터 dbdbdeep.manager:~3 rows (대략적) 내보내기
INSERT INTO `manager` (`mg_id`, `mg_name`, `mg_phone`, `mg_mail`) VALUES
	(1, '채영', '010-3245-6854', 'ch0124@naver.com'),
	(2, '태하', '010-6874-9874', 'ch0124@naver.com'),
	(3, '설현', '010-2121-3213', 'ch0124@naver.com');

-- 테이블 dbdbdeep.mentor 구조 내보내기
CREATE TABLE IF NOT EXISTS `mentor` (
  `mt_id` int(11) NOT NULL,
  `mt_name` varchar(20) NOT NULL,
  `mt_phone` varchar(20) NOT NULL,
  `mt_email` varchar(50) NOT NULL,
  PRIMARY KEY (`mt_id`)
) ENGINE=InnoDB DEFAULT CHARSET=utf8mb3 COLLATE=utf8mb3_general_ci;

-- 테이블 데이터 dbdbdeep.mentor:~6 rows (대략적) 내보내기
INSERT INTO `mentor` (`mt_id`, `mt_name`, `mt_phone`, `mt_email`) VALUES
	(1, '김멘토', '010-7542-8965', 'mentorpark6541@gmail.com'),
	(2, '이멘토', '010-1115-2528', 'mtlee2031@naver.com'),
	(3, '박멘토', '010-2359-7894', 'pkpk78@hanmail.net'),
	(4, '최멘토', '010-5587-9634', 'choichoi6848@naver.com'),
	(5, '정멘토', '010-5431-2578', 'jmt0125@naver.com'),
	(6, '유멘토', '010-4168-8636', 'uuuu8752@naver.com');

-- 테이블 dbdbdeep.rollbook 구조 내보내기
CREATE TABLE IF NOT EXISTS `rollbook` (
  `rb_date` date NOT NULL,
  `std_id` int(11) NOT NULL,
  `status` char(2) NOT NULL,
  PRIMARY KEY (`rb_date`,`std_id`),
  KEY `FK_Student_TO_Rollbook_1` (`std_id`),
  CONSTRAINT `FK_Student_TO_Rollbook_1` FOREIGN KEY (`std_id`) REFERENCES `student` (`std_id`)
) ENGINE=InnoDB DEFAULT CHARSET=utf8mb3 COLLATE=utf8mb3_general_ci;

-- 테이블 데이터 dbdbdeep.rollbook:~2,760 rows (대략적) 내보내기
INSERT INTO `rollbook` (`rb_date`, `std_id`, `status`) VALUES
	('2023-11-01', 1, '출석'),
	('2023-11-01', 2, '출석'),
	('2023-11-01', 3, '출석'),
	('2023-11-01', 4, '출석'),
	('2023-11-01', 5, '출석'),
	('2023-11-01', 6, '출석'),
	('2023-11-01', 7, '출석'),
	('2023-11-01', 8, '출석'),
	('2023-11-01', 9, '출석'),
	('2023-11-01', 10, '출석'),
	('2023-11-01', 11, '출석'),
	('2023-11-01', 12, '출석'),
	('2023-11-01', 13, '출석'),
	('2023-11-01', 14, '출석'),
	('2023-11-01', 15, '출석'),
	('2023-11-01', 16, '출석'),
	('2023-11-01', 17, '출석'),
	('2023-11-01', 18, '출석'),
	('2023-11-01', 19, '출석'),
	('2023-11-01', 20, '출석'),
	('2023-11-01', 21, '출석'),
	('2023-11-01', 22, '출석'),
	('2023-11-01', 23, '출석'),
	('2023-11-01', 24, '출석'),
	('2023-11-01', 25, '출석'),
	('2023-11-01', 26, '출석'),
	('2023-11-01', 27, '출석'),
	('2023-11-01', 28, '출석'),
	('2023-11-01', 29, '출석'),
	('2023-11-01', 30, '출석'),
	('2023-11-02', 1, '출석'),
	('2023-11-02', 2, '출석'),
	('2023-11-02', 3, '출석'),
	('2023-11-02', 4, '출석'),
	('2023-11-02', 5, '출석'),
	('2023-11-02', 6, '출석'),
	('2023-11-02', 7, '출석'),
	('2023-11-02', 8, '출석'),
	('2023-11-02', 9, '출석'),
	('2023-11-02', 10, '출석'),
	('2023-11-02', 11, '출석'),
	('2023-11-02', 12, '출석'),
	('2023-11-02', 13, '출석'),
	('2023-11-02', 14, '출석'),
	('2023-11-02', 15, '출석'),
	('2023-11-02', 16, '출석'),
	('2023-11-02', 17, '출석'),
	('2023-11-02', 18, '출석'),
	('2023-11-02', 19, '출석'),
	('2023-11-02', 20, '출석'),
	('2023-11-02', 21, '출석'),
	('2023-11-02', 22, '출석'),
	('2023-11-02', 23, '출석'),
	('2023-11-02', 24, '출석'),
	('2023-11-02', 25, '출석'),
	('2023-11-02', 26, '출석'),
	('2023-11-02', 27, '출석'),
	('2023-11-02', 28, '출석'),
	('2023-11-02', 29, '출석'),
	('2023-11-02', 30, '출석'),
	('2023-11-03', 1, '출석'),
	('2023-11-03', 2, '출석'),
	('2023-11-03', 3, '출석'),
	('2023-11-03', 4, '출석'),
	('2023-11-03', 5, '출석'),
	('2023-11-03', 6, '출석'),
	('2023-11-03', 7, '출석'),
	('2023-11-03', 8, '출석'),
	('2023-11-03', 9, '출석'),
	('2023-11-03', 10, '출석'),
	('2023-11-03', 11, '출석'),
	('2023-11-03', 12, '출석'),
	('2023-11-03', 13, '출석'),
	('2023-11-03', 14, '출석'),
	('2023-11-03', 15, '출석'),
	('2023-11-03', 16, '출석'),
	('2023-11-03', 17, '출석'),
	('2023-11-03', 18, '출석'),
	('2023-11-03', 19, '출석'),
	('2023-11-03', 20, '출석'),
	('2023-11-03', 21, '출석'),
	('2023-11-03', 22, '출석'),
	('2023-11-03', 23, '출석'),
	('2023-11-03', 24, '출석'),
	('2023-11-03', 25, '출석'),
	('2023-11-03', 26, '출석'),
	('2023-11-03', 27, '출석'),
	('2023-11-03', 28, '출석'),
	('2023-11-03', 29, '출석'),
	('2023-11-03', 30, '출석'),
	('2023-11-06', 1, '출석'),
	('2023-11-06', 2, '출석'),
	('2023-11-06', 3, '출석'),
	('2023-11-06', 4, '지각'),
	('2023-11-06', 5, '지각'),
	('2023-11-06', 6, '출석'),
	('2023-11-06', 7, '출석'),
	('2023-11-06', 8, '출석'),
	('2023-11-06', 9, '출석'),
	('2023-11-06', 10, '출석'),
	('2023-11-06', 11, '출석'),
	('2023-11-06', 12, '출석'),
	('2023-11-06', 13, '출석'),
	('2023-11-06', 14, '출석'),
	('2023-11-06', 15, '출석'),
	('2023-11-06', 16, '출석'),
	('2023-11-06', 17, '출석'),
	('2023-11-06', 18, '출석'),
	('2023-11-06', 19, '출석'),
	('2023-11-06', 20, '출석'),
	('2023-11-06', 21, '출석'),
	('2023-11-06', 22, '출석'),
	('2023-11-06', 23, '출석'),
	('2023-11-06', 24, '출석'),
	('2023-11-06', 25, '출석'),
	('2023-11-06', 26, '출석'),
	('2023-11-06', 27, '출석'),
	('2023-11-06', 28, '출석'),
	('2023-11-06', 29, '출석'),
	('2023-11-06', 30, '출석'),
	('2023-11-07', 1, '출석'),
	('2023-11-07', 2, '출석'),
	('2023-11-07', 3, '출석'),
	('2023-11-07', 4, '출석'),
	('2023-11-07', 5, '출석'),
	('2023-11-07', 6, '출석'),
	('2023-11-07', 7, '출석'),
	('2023-11-07', 8, '출석'),
	('2023-11-07', 9, '출석'),
	('2023-11-07', 10, '출석'),
	('2023-11-07', 11, '출석'),
	('2023-11-07', 12, '출석'),
	('2023-11-07', 13, '출석'),
	('2023-11-07', 14, '출석'),
	('2023-11-07', 15, '출석'),
	('2023-11-07', 16, '출석'),
	('2023-11-07', 17, '출석'),
	('2023-11-07', 18, '출석'),
	('2023-11-07', 19, '출석'),
	('2023-11-07', 20, '출석'),
	('2023-11-07', 21, '출석'),
	('2023-11-07', 22, '출석'),
	('2023-11-07', 23, '출석'),
	('2023-11-07', 24, '출석'),
	('2023-11-07', 25, '출석'),
	('2023-11-07', 26, '출석'),
	('2023-11-07', 27, '출석'),
	('2023-11-07', 28, '출석'),
	('2023-11-07', 29, '출석'),
	('2023-11-07', 30, '출석'),
	('2023-11-08', 1, '결석'),
	('2023-11-08', 2, '결석'),
	('2023-11-08', 3, '출석'),
	('2023-11-08', 4, '외출'),
	('2023-11-08', 5, '지각'),
	('2023-11-08', 6, '출석'),
	('2023-11-08', 7, '출석'),
	('2023-11-08', 8, '출석'),
	('2023-11-08', 9, '출석'),
	('2023-11-08', 10, '출석'),
	('2023-11-08', 11, '출석'),
	('2023-11-08', 12, '출석'),
	('2023-11-08', 13, '출석'),
	('2023-11-08', 14, '출석'),
	('2023-11-08', 15, '출석'),
	('2023-11-08', 16, '출석'),
	('2023-11-08', 17, '출석'),
	('2023-11-08', 18, '출석'),
	('2023-11-08', 19, '출석'),
	('2023-11-08', 20, '출석'),
	('2023-11-08', 21, '출석'),
	('2023-11-08', 22, '출석'),
	('2023-11-08', 23, '출석'),
	('2023-11-08', 24, '출석'),
	('2023-11-08', 25, '출석'),
	('2023-11-08', 26, '출석'),
	('2023-11-08', 27, '출석'),
	('2023-11-08', 28, '출석'),
	('2023-11-08', 29, '출석'),
	('2023-11-08', 30, '출석'),
	('2023-11-09', 1, '결석'),
	('2023-11-09', 2, '결석'),
	('2023-11-09', 3, '출석'),
	('2023-11-09', 4, '조퇴'),
	('2023-11-09', 5, '출석'),
	('2023-11-09', 6, '출석'),
	('2023-11-09', 7, '출석'),
	('2023-11-09', 8, '지각'),
	('2023-11-09', 9, '출석'),
	('2023-11-09', 10, '출석'),
	('2023-11-09', 11, '출석'),
	('2023-11-09', 12, '출석'),
	('2023-11-09', 13, '출석'),
	('2023-11-09', 14, '출석'),
	('2023-11-09', 15, '출석'),
	('2023-11-09', 16, '출석'),
	('2023-11-09', 17, '출석'),
	('2023-11-09', 18, '출석'),
	('2023-11-09', 19, '출석'),
	('2023-11-09', 20, '출석'),
	('2023-11-09', 21, '출석'),
	('2023-11-09', 22, '출석'),
	('2023-11-09', 23, '출석'),
	('2023-11-09', 24, '출석'),
	('2023-11-09', 25, '출석'),
	('2023-11-09', 26, '출석'),
	('2023-11-09', 27, '출석'),
	('2023-11-09', 28, '출석'),
	('2023-11-09', 29, '출석'),
	('2023-11-09', 30, '출석'),
	('2023-11-10', 1, '결석'),
	('2023-11-10', 2, '결석'),
	('2023-11-10', 3, '출석'),
	('2023-11-10', 4, '출석'),
	('2023-11-10', 5, '지각'),
	('2023-11-10', 6, '출석'),
	('2023-11-10', 7, '출석'),
	('2023-11-10', 8, '외출'),
	('2023-11-10', 9, '출석'),
	('2023-11-10', 10, '결석'),
	('2023-11-10', 11, '외출'),
	('2023-11-10', 12, '외출'),
	('2023-11-10', 13, '출석'),
	('2023-11-10', 14, '출석'),
	('2023-11-10', 15, '출석'),
	('2023-11-10', 16, '출석'),
	('2023-11-10', 17, '출석'),
	('2023-11-10', 18, '출석'),
	('2023-11-10', 19, '출석'),
	('2023-11-10', 20, '출석'),
	('2023-11-10', 21, '외출'),
	('2023-11-10', 22, '출석'),
	('2023-11-10', 23, '출석'),
	('2023-11-10', 24, '출석'),
	('2023-11-10', 25, '출석'),
	('2023-11-10', 26, '출석'),
	('2023-11-10', 27, '출석'),
	('2023-11-10', 28, '출석'),
	('2023-11-10', 29, '출석'),
	('2023-11-10', 30, '지각'),
	('2023-11-13', 1, '출석'),
	('2023-11-13', 2, '출석'),
	('2023-11-13', 3, '출석'),
	('2023-11-13', 4, '출석'),
	('2023-11-13', 5, '출석'),
	('2023-11-13', 6, '출석'),
	('2023-11-13', 7, '출석'),
	('2023-11-13', 8, '출석'),
	('2023-11-13', 9, '출석'),
	('2023-11-13', 10, '출석'),
	('2023-11-13', 11, '출석'),
	('2023-11-13', 12, '출석'),
	('2023-11-13', 13, '출석'),
	('2023-11-13', 14, '출석'),
	('2023-11-13', 15, '출석'),
	('2023-11-13', 16, '출석'),
	('2023-11-13', 17, '출석'),
	('2023-11-13', 18, '출석'),
	('2023-11-13', 19, '출석'),
	('2023-11-13', 20, '출석'),
	('2023-11-13', 21, '출석'),
	('2023-11-13', 22, '출석'),
	('2023-11-13', 23, '출석'),
	('2023-11-13', 24, '출석'),
	('2023-11-13', 25, '출석'),
	('2023-11-13', 26, '출석'),
	('2023-11-13', 27, '출석'),
	('2023-11-13', 28, '출석'),
	('2023-11-13', 29, '지각'),
	('2023-11-13', 30, '출석'),
	('2023-11-14', 1, '출석'),
	('2023-11-14', 2, '출석'),
	('2023-11-14', 3, '출석'),
	('2023-11-14', 4, '출석'),
	('2023-11-14', 5, '지각'),
	('2023-11-14', 6, '출석'),
	('2023-11-14', 7, '출석'),
	('2023-11-14', 8, '출석'),
	('2023-11-14', 9, '출석'),
	('2023-11-14', 10, '출석'),
	('2023-11-14', 11, '출석'),
	('2023-11-14', 12, '출석'),
	('2023-11-14', 13, '출석'),
	('2023-11-14', 14, '출석'),
	('2023-11-14', 15, '출석'),
	('2023-11-14', 16, '출석'),
	('2023-11-14', 17, '출석'),
	('2023-11-14', 18, '출석'),
	('2023-11-14', 19, '출석'),
	('2023-11-14', 20, '출석'),
	('2023-11-14', 21, '출석'),
	('2023-11-14', 22, '출석'),
	('2023-11-14', 23, '출석'),
	('2023-11-14', 24, '출석'),
	('2023-11-14', 25, '출석'),
	('2023-11-14', 26, '출석'),
	('2023-11-14', 27, '출석'),
	('2023-11-14', 28, '출석'),
	('2023-11-14', 29, '지각'),
	('2023-11-14', 30, '외출'),
	('2023-11-15', 1, '출석'),
	('2023-11-15', 2, '출석'),
	('2023-11-15', 3, '출석'),
	('2023-11-15', 4, '출석'),
	('2023-11-15', 5, '출석'),
	('2023-11-15', 6, '출석'),
	('2023-11-15', 7, '출석'),
	('2023-11-15', 8, '출석'),
	('2023-11-15', 9, '출석'),
	('2023-11-15', 10, '출석'),
	('2023-11-15', 11, '출석'),
	('2023-11-15', 12, '출석'),
	('2023-11-15', 13, '출석'),
	('2023-11-15', 14, '출석'),
	('2023-11-15', 15, '외출'),
	('2023-11-15', 16, '출석'),
	('2023-11-15', 17, '출석'),
	('2023-11-15', 18, '출석'),
	('2023-11-15', 19, '출석'),
	('2023-11-15', 20, '출석'),
	('2023-11-15', 21, '출석'),
	('2023-11-15', 22, '출석'),
	('2023-11-15', 23, '출석'),
	('2023-11-15', 24, '출석'),
	('2023-11-15', 25, '출석'),
	('2023-11-15', 26, '출석'),
	('2023-11-15', 27, '출석'),
	('2023-11-15', 28, '출석'),
	('2023-11-15', 29, '출석'),
	('2023-11-15', 30, '출석'),
	('2023-11-16', 1, '출석'),
	('2023-11-16', 2, '출석'),
	('2023-11-16', 3, '출석'),
	('2023-11-16', 4, '출석'),
	('2023-11-16', 5, '지각'),
	('2023-11-16', 6, '출석'),
	('2023-11-16', 7, '출석'),
	('2023-11-16', 8, '조퇴'),
	('2023-11-16', 9, '출석'),
	('2023-11-16', 10, '출석'),
	('2023-11-16', 11, '출석'),
	('2023-11-16', 12, '출석'),
	('2023-11-16', 13, '출석'),
	('2023-11-16', 14, '출석'),
	('2023-11-16', 15, '출석'),
	('2023-11-16', 16, '출석'),
	('2023-11-16', 17, '출석'),
	('2023-11-16', 18, '출석'),
	('2023-11-16', 19, '출석'),
	('2023-11-16', 20, '출석'),
	('2023-11-16', 21, '출석'),
	('2023-11-16', 22, '출석'),
	('2023-11-16', 23, '출석'),
	('2023-11-16', 24, '출석'),
	('2023-11-16', 25, '출석'),
	('2023-11-16', 26, '출석'),
	('2023-11-16', 27, '출석'),
	('2023-11-16', 28, '출석'),
	('2023-11-16', 29, '출석'),
	('2023-11-16', 30, '출석'),
	('2023-11-17', 1, '출석'),
	('2023-11-17', 2, '출석'),
	('2023-11-17', 3, '출석'),
	('2023-11-17', 4, '출석'),
	('2023-11-17', 5, '출석'),
	('2023-11-17', 6, '출석'),
	('2023-11-17', 7, '출석'),
	('2023-11-17', 8, '출석'),
	('2023-11-17', 9, '출석'),
	('2023-11-17', 10, '출석'),
	('2023-11-17', 11, '출석'),
	('2023-11-17', 12, '출석'),
	('2023-11-17', 13, '출석'),
	('2023-11-17', 14, '출석'),
	('2023-11-17', 15, '출석'),
	('2023-11-17', 16, '출석'),
	('2023-11-17', 17, '출석'),
	('2023-11-17', 18, '출석'),
	('2023-11-17', 19, '외출'),
	('2023-11-17', 20, '출석'),
	('2023-11-17', 21, '출석'),
	('2023-11-17', 22, '출석'),
	('2023-11-17', 23, '출석'),
	('2023-11-17', 24, '출석'),
	('2023-11-17', 25, '출석'),
	('2023-11-17', 26, '출석'),
	('2023-11-17', 27, '출석'),
	('2023-11-17', 28, '출석'),
	('2023-11-17', 29, '출석'),
	('2023-11-17', 30, '출석'),
	('2023-11-20', 1, '출석'),
	('2023-11-20', 2, '출석'),
	('2023-11-20', 3, '출석'),
	('2023-11-20', 4, '출석'),
	('2023-11-20', 5, '지각'),
	('2023-11-20', 6, '출석'),
	('2023-11-20', 7, '출석'),
	('2023-11-20', 8, '출석'),
	('2023-11-20', 9, '출석'),
	('2023-11-20', 10, '결석'),
	('2023-11-20', 11, '출석'),
	('2023-11-20', 12, '출석'),
	('2023-11-20', 13, '출석'),
	('2023-11-20', 14, '출석'),
	('2023-11-20', 15, '출석'),
	('2023-11-20', 16, '출석'),
	('2023-11-20', 17, '출석'),
	('2023-11-20', 18, '외출'),
	('2023-11-20', 19, '출석'),
	('2023-11-20', 20, '출석'),
	('2023-11-20', 21, '출석'),
	('2023-11-20', 22, '출석'),
	('2023-11-20', 23, '지각'),
	('2023-11-20', 24, '출석'),
	('2023-11-20', 25, '출석'),
	('2023-11-20', 26, '출석'),
	('2023-11-20', 27, '출석'),
	('2023-11-20', 28, '출석'),
	('2023-11-20', 29, '출석'),
	('2023-11-20', 30, '출석'),
	('2023-11-21', 1, '출석'),
	('2023-11-21', 2, '출석'),
	('2023-11-21', 3, '출석'),
	('2023-11-21', 4, '출석'),
	('2023-11-21', 5, '출석'),
	('2023-11-21', 6, '출석'),
	('2023-11-21', 7, '출석'),
	('2023-11-21', 8, '출석'),
	('2023-11-21', 9, '출석'),
	('2023-11-21', 10, '출석'),
	('2023-11-21', 11, '출석'),
	('2023-11-21', 12, '출석'),
	('2023-11-21', 13, '출석'),
	('2023-11-21', 14, '출석'),
	('2023-11-21', 15, '출석'),
	('2023-11-21', 16, '출석'),
	('2023-11-21', 17, '출석'),
	('2023-11-21', 18, '출석'),
	('2023-11-21', 19, '조퇴'),
	('2023-11-21', 20, '출석'),
	('2023-11-21', 21, '출석'),
	('2023-11-21', 22, '출석'),
	('2023-11-21', 23, '출석'),
	('2023-11-21', 24, '출석'),
	('2023-11-21', 25, '출석'),
	('2023-11-21', 26, '출석'),
	('2023-11-21', 27, '출석'),
	('2023-11-21', 28, '출석'),
	('2023-11-21', 29, '출석'),
	('2023-11-21', 30, '출석'),
	('2023-11-22', 1, '출석'),
	('2023-11-22', 2, '출석'),
	('2023-11-22', 3, '출석'),
	('2023-11-22', 4, '출석'),
	('2023-11-22', 5, '지각'),
	('2023-11-22', 6, '출석'),
	('2023-11-22', 7, '출석'),
	('2023-11-22', 8, '출석'),
	('2023-11-22', 9, '출석'),
	('2023-11-22', 10, '출석'),
	('2023-11-22', 11, '출석'),
	('2023-11-22', 12, '출석'),
	('2023-11-22', 13, '출석'),
	('2023-11-22', 14, '출석'),
	('2023-11-22', 15, '지각'),
	('2023-11-22', 16, '출석'),
	('2023-11-22', 17, '출석'),
	('2023-11-22', 18, '출석'),
	('2023-11-22', 19, '출석'),
	('2023-11-22', 20, '출석'),
	('2023-11-22', 21, '출석'),
	('2023-11-22', 22, '출석'),
	('2023-11-22', 23, '출석'),
	('2023-11-22', 24, '출석'),
	('2023-11-22', 25, '출석'),
	('2023-11-22', 26, '출석'),
	('2023-11-22', 27, '출석'),
	('2023-11-22', 28, '출석'),
	('2023-11-22', 29, '출석'),
	('2023-11-22', 30, '출석'),
	('2023-11-23', 1, '출석'),
	('2023-11-23', 2, '출석'),
	('2023-11-23', 3, '지각'),
	('2023-11-23', 4, '출석'),
	('2023-11-23', 5, '출석'),
	('2023-11-23', 6, '출석'),
	('2023-11-23', 7, '출석'),
	('2023-11-23', 8, '출석'),
	('2023-11-23', 9, '출석'),
	('2023-11-23', 10, '출석'),
	('2023-11-23', 11, '지각'),
	('2023-11-23', 12, '출석'),
	('2023-11-23', 13, '출석'),
	('2023-11-23', 14, '출석'),
	('2023-11-23', 15, '출석'),
	('2023-11-23', 16, '출석'),
	('2023-11-23', 17, '출석'),
	('2023-11-23', 18, '출석'),
	('2023-11-23', 19, '출석'),
	('2023-11-23', 20, '출석'),
	('2023-11-23', 21, '출석'),
	('2023-11-23', 22, '출석'),
	('2023-11-23', 23, '출석'),
	('2023-11-23', 24, '출석'),
	('2023-11-23', 25, '출석'),
	('2023-11-23', 26, '출석'),
	('2023-11-23', 27, '지각'),
	('2023-11-23', 28, '출석'),
	('2023-11-23', 29, '출석'),
	('2023-11-23', 30, '출석'),
	('2023-11-24', 1, '출석'),
	('2023-11-24', 2, '출석'),
	('2023-11-24', 3, '출석'),
	('2023-11-24', 4, '출석'),
	('2023-11-24', 5, '지각'),
	('2023-11-24', 6, '출석'),
	('2023-11-24', 7, '출석'),
	('2023-11-24', 8, '출석'),
	('2023-11-24', 9, '출석'),
	('2023-11-24', 10, '출석'),
	('2023-11-24', 11, '출석'),
	('2023-11-24', 12, '출석'),
	('2023-11-24', 13, '출석'),
	('2023-11-24', 14, '출석'),
	('2023-11-24', 15, '출석'),
	('2023-11-24', 16, '출석'),
	('2023-11-24', 17, '출석'),
	('2023-11-24', 18, '출석'),
	('2023-11-24', 19, '출석'),
	('2023-11-24', 20, '출석'),
	('2023-11-24', 21, '출석'),
	('2023-11-24', 22, '출석'),
	('2023-11-24', 23, '출석'),
	('2023-11-24', 24, '출석'),
	('2023-11-24', 25, '출석'),
	('2023-11-24', 26, '출석'),
	('2023-11-24', 27, '출석'),
	('2023-11-24', 28, '출석'),
	('2023-11-24', 29, '출석'),
	('2023-11-24', 30, '출석'),
	('2023-11-27', 1, '출석'),
	('2023-11-27', 2, '출석'),
	('2023-11-27', 3, '출석'),
	('2023-11-27', 4, '출석'),
	('2023-11-27', 5, '출석'),
	('2023-11-27', 6, '출석'),
	('2023-11-27', 7, '출석'),
	('2023-11-27', 8, '출석'),
	('2023-11-27', 9, '출석'),
	('2023-11-27', 10, '출석'),
	('2023-11-27', 11, '출석'),
	('2023-11-27', 12, '출석'),
	('2023-11-27', 13, '출석'),
	('2023-11-27', 14, '출석'),
	('2023-11-27', 15, '출석'),
	('2023-11-27', 16, '출석'),
	('2023-11-27', 17, '출석'),
	('2023-11-27', 18, '출석'),
	('2023-11-27', 19, '출석'),
	('2023-11-27', 20, '출석'),
	('2023-11-27', 21, '출석'),
	('2023-11-27', 22, '출석'),
	('2023-11-27', 23, '출석'),
	('2023-11-27', 24, '출석'),
	('2023-11-27', 25, '출석'),
	('2023-11-27', 26, '출석'),
	('2023-11-27', 27, '출석'),
	('2023-11-27', 28, '출석'),
	('2023-11-27', 29, '출석'),
	('2023-11-27', 30, '출석'),
	('2023-11-28', 1, '출석'),
	('2023-11-28', 2, '출석'),
	('2023-11-28', 3, '출석'),
	('2023-11-28', 4, '출석'),
	('2023-11-28', 5, '지각'),
	('2023-11-28', 6, '출석'),
	('2023-11-28', 7, '출석'),
	('2023-11-28', 8, '출석'),
	('2023-11-28', 9, '출석'),
	('2023-11-28', 10, '출석'),
	('2023-11-28', 11, '출석'),
	('2023-11-28', 12, '출석'),
	('2023-11-28', 13, '출석'),
	('2023-11-28', 14, '출석'),
	('2023-11-28', 15, '출석'),
	('2023-11-28', 16, '출석'),
	('2023-11-28', 17, '출석'),
	('2023-11-28', 18, '출석'),
	('2023-11-28', 19, '출석'),
	('2023-11-28', 20, '출석'),
	('2023-11-28', 21, '출석'),
	('2023-11-28', 22, '출석'),
	('2023-11-28', 23, '출석'),
	('2023-11-28', 24, '출석'),
	('2023-11-28', 25, '출석'),
	('2023-11-28', 26, '출석'),
	('2023-11-28', 27, '출석'),
	('2023-11-28', 28, '출석'),
	('2023-11-28', 29, '출석'),
	('2023-11-28', 30, '출석'),
	('2023-11-29', 1, '결석'),
	('2023-11-29', 2, '결석'),
	('2023-11-29', 3, '출석'),
	('2023-11-29', 4, '출석'),
	('2023-11-29', 5, '출석'),
	('2023-11-29', 6, '출석'),
	('2023-11-29', 7, '출석'),
	('2023-11-29', 8, '출석'),
	('2023-11-29', 9, '출석'),
	('2023-11-29', 10, '출석'),
	('2023-11-29', 11, '출석'),
	('2023-11-29', 12, '출석'),
	('2023-11-29', 13, '출석'),
	('2023-11-29', 14, '출석'),
	('2023-11-29', 15, '출석'),
	('2023-11-29', 16, '출석'),
	('2023-11-29', 17, '출석'),
	('2023-11-29', 18, '출석'),
	('2023-11-29', 19, '출석'),
	('2023-11-29', 20, '출석'),
	('2023-11-29', 21, '출석'),
	('2023-11-29', 22, '출석'),
	('2023-11-29', 23, '출석'),
	('2023-11-29', 24, '출석'),
	('2023-11-29', 25, '출석'),
	('2023-11-29', 26, '출석'),
	('2023-11-29', 27, '출석'),
	('2023-11-29', 28, '출석'),
	('2023-11-29', 29, '출석'),
	('2023-11-29', 30, '출석'),
	('2023-11-30', 1, '출석'),
	('2023-11-30', 2, '출석'),
	('2023-11-30', 3, '출석'),
	('2023-11-30', 4, '출석'),
	('2023-11-30', 5, '지각'),
	('2023-11-30', 6, '출석'),
	('2023-11-30', 7, '출석'),
	('2023-11-30', 8, '출석'),
	('2023-11-30', 9, '출석'),
	('2023-11-30', 10, '출석'),
	('2023-11-30', 11, '출석'),
	('2023-11-30', 12, '출석'),
	('2023-11-30', 13, '출석'),
	('2023-11-30', 14, '출석'),
	('2023-11-30', 15, '출석'),
	('2023-11-30', 16, '출석'),
	('2023-11-30', 17, '출석'),
	('2023-11-30', 18, '출석'),
	('2023-11-30', 19, '출석'),
	('2023-11-30', 20, '출석'),
	('2023-11-30', 21, '출석'),
	('2023-11-30', 22, '출석'),
	('2023-11-30', 23, '출석'),
	('2023-11-30', 24, '출석'),
	('2023-11-30', 25, '출석'),
	('2023-11-30', 26, '출석'),
	('2023-11-30', 27, '출석'),
	('2023-11-30', 28, '출석'),
	('2023-11-30', 29, '출석'),
	('2023-11-30', 30, '출석'),
	('2023-12-01', 1, '출석'),
	('2023-12-01', 2, '출석'),
	('2023-12-01', 3, '출석'),
	('2023-12-01', 4, '출석'),
	('2023-12-01', 5, '출석'),
	('2023-12-01', 6, '출석'),
	('2023-12-01', 7, '출석'),
	('2023-12-01', 8, '출석'),
	('2023-12-01', 9, '출석'),
	('2023-12-01', 10, '출석'),
	('2023-12-01', 11, '출석'),
	('2023-12-01', 12, '출석'),
	('2023-12-01', 13, '출석'),
	('2023-12-01', 14, '출석'),
	('2023-12-01', 15, '출석'),
	('2023-12-01', 16, '출석'),
	('2023-12-01', 17, '출석'),
	('2023-12-01', 18, '출석'),
	('2023-12-01', 19, '출석'),
	('2023-12-01', 20, '출석'),
	('2023-12-01', 21, '출석'),
	('2023-12-01', 22, '출석'),
	('2023-12-01', 23, '출석'),
	('2023-12-01', 24, '출석'),
	('2023-12-01', 25, '출석'),
	('2023-12-01', 26, '출석'),
	('2023-12-01', 27, '출석'),
	('2023-12-01', 28, '출석'),
	('2023-12-01', 29, '출석'),
	('2023-12-01', 30, '출석'),
	('2023-12-01', 31, '출석'),
	('2023-12-01', 32, '출석'),
	('2023-12-01', 33, '출석'),
	('2023-12-01', 34, '출석'),
	('2023-12-01', 35, '출석'),
	('2023-12-01', 36, '출석'),
	('2023-12-01', 37, '출석'),
	('2023-12-01', 38, '출석'),
	('2023-12-01', 39, '출석'),
	('2023-12-01', 40, '출석'),
	('2023-12-01', 41, '출석'),
	('2023-12-01', 42, '출석'),
	('2023-12-01', 43, '출석'),
	('2023-12-01', 44, '출석'),
	('2023-12-01', 45, '출석'),
	('2023-12-01', 46, '출석'),
	('2023-12-01', 47, '출석'),
	('2023-12-01', 48, '출석'),
	('2023-12-01', 49, '출석'),
	('2023-12-01', 50, '출석'),
	('2023-12-01', 51, '출석'),
	('2023-12-01', 52, '출석'),
	('2023-12-01', 53, '출석'),
	('2023-12-01', 54, '출석'),
	('2023-12-01', 55, '출석'),
	('2023-12-01', 56, '출석'),
	('2023-12-01', 57, '출석'),
	('2023-12-01', 58, '출석'),
	('2023-12-01', 59, '출석'),
	('2023-12-01', 60, '출석'),
	('2023-12-04', 1, '출석'),
	('2023-12-04', 2, '출석'),
	('2023-12-04', 3, '출석'),
	('2023-12-04', 4, '출석'),
	('2023-12-04', 5, '지각'),
	('2023-12-04', 6, '출석'),
	('2023-12-04', 7, '출석'),
	('2023-12-04', 8, '출석'),
	('2023-12-04', 9, '출석'),
	('2023-12-04', 10, '출석'),
	('2023-12-04', 11, '출석'),
	('2023-12-04', 12, '출석'),
	('2023-12-04', 13, '출석'),
	('2023-12-04', 14, '출석'),
	('2023-12-04', 15, '출석'),
	('2023-12-04', 16, '출석'),
	('2023-12-04', 17, '출석'),
	('2023-12-04', 18, '출석'),
	('2023-12-04', 19, '출석'),
	('2023-12-04', 20, '출석'),
	('2023-12-04', 21, '출석'),
	('2023-12-04', 22, '출석'),
	('2023-12-04', 23, '출석'),
	('2023-12-04', 24, '출석'),
	('2023-12-04', 25, '출석'),
	('2023-12-04', 26, '출석'),
	('2023-12-04', 27, '출석'),
	('2023-12-04', 28, '출석'),
	('2023-12-04', 29, '출석'),
	('2023-12-04', 30, '출석'),
	('2023-12-04', 31, '출석'),
	('2023-12-04', 32, '출석'),
	('2023-12-04', 33, '출석'),
	('2023-12-04', 34, '출석'),
	('2023-12-04', 35, '출석'),
	('2023-12-04', 36, '출석'),
	('2023-12-04', 37, '출석'),
	('2023-12-04', 38, '출석'),
	('2023-12-04', 39, '출석'),
	('2023-12-04', 40, '출석'),
	('2023-12-04', 41, '출석'),
	('2023-12-04', 42, '출석'),
	('2023-12-04', 43, '출석'),
	('2023-12-04', 44, '출석'),
	('2023-12-04', 45, '출석'),
	('2023-12-04', 46, '출석'),
	('2023-12-04', 47, '출석'),
	('2023-12-04', 48, '출석'),
	('2023-12-04', 49, '출석'),
	('2023-12-04', 50, '출석'),
	('2023-12-04', 51, '출석'),
	('2023-12-04', 52, '출석'),
	('2023-12-04', 53, '출석'),
	('2023-12-04', 54, '출석'),
	('2023-12-04', 55, '출석'),
	('2023-12-04', 56, '출석'),
	('2023-12-04', 57, '출석'),
	('2023-12-04', 58, '출석'),
	('2023-12-04', 59, '출석'),
	('2023-12-04', 60, '출석'),
	('2023-12-05', 1, '출석'),
	('2023-12-05', 2, '결석'),
	('2023-12-05', 3, '출석'),
	('2023-12-05', 4, '출석'),
	('2023-12-05', 5, '출석'),
	('2023-12-05', 6, '출석'),
	('2023-12-05', 7, '출석'),
	('2023-12-05', 8, '출석'),
	('2023-12-05', 9, '출석'),
	('2023-12-05', 10, '외출'),
	('2023-12-05', 11, '출석'),
	('2023-12-05', 12, '출석'),
	('2023-12-05', 13, '결석'),
	('2023-12-05', 14, '출석'),
	('2023-12-05', 15, '출석'),
	('2023-12-05', 16, '출석'),
	('2023-12-05', 17, '출석'),
	('2023-12-05', 18, '출석'),
	('2023-12-05', 19, '출석'),
	('2023-12-05', 20, '출석'),
	('2023-12-05', 21, '출석'),
	('2023-12-05', 22, '출석'),
	('2023-12-05', 23, '출석'),
	('2023-12-05', 24, '출석'),
	('2023-12-05', 25, '출석'),
	('2023-12-05', 26, '출석'),
	('2023-12-05', 27, '출석'),
	('2023-12-05', 28, '출석'),
	('2023-12-05', 29, '출석'),
	('2023-12-05', 30, '출석'),
	('2023-12-05', 31, '출석'),
	('2023-12-05', 32, '출석'),
	('2023-12-05', 33, '출석'),
	('2023-12-05', 34, '출석'),
	('2023-12-05', 35, '출석'),
	('2023-12-05', 36, '출석'),
	('2023-12-05', 37, '출석'),
	('2023-12-05', 38, '출석'),
	('2023-12-05', 39, '출석'),
	('2023-12-05', 40, '출석'),
	('2023-12-05', 41, '출석'),
	('2023-12-05', 42, '출석'),
	('2023-12-05', 43, '출석'),
	('2023-12-05', 44, '출석'),
	('2023-12-05', 45, '출석'),
	('2023-12-05', 46, '출석'),
	('2023-12-05', 47, '출석'),
	('2023-12-05', 48, '출석'),
	('2023-12-05', 49, '출석'),
	('2023-12-05', 50, '출석'),
	('2023-12-05', 51, '출석'),
	('2023-12-05', 52, '출석'),
	('2023-12-05', 53, '출석'),
	('2023-12-05', 54, '출석'),
	('2023-12-05', 55, '출석'),
	('2023-12-05', 56, '출석'),
	('2023-12-05', 57, '출석'),
	('2023-12-05', 58, '출석'),
	('2023-12-05', 59, '결석'),
	('2023-12-05', 60, '출석'),
	('2023-12-06', 1, '출석'),
	('2023-12-06', 2, '출석'),
	('2023-12-06', 3, '출석'),
	('2023-12-06', 4, '출석'),
	('2023-12-06', 5, '지각'),
	('2023-12-06', 6, '출석'),
	('2023-12-06', 7, '출석'),
	('2023-12-06', 8, '외출'),
	('2023-12-06', 9, '출석'),
	('2023-12-06', 10, '출석'),
	('2023-12-06', 11, '출석'),
	('2023-12-06', 12, '출석'),
	('2023-12-06', 13, '결석'),
	('2023-12-06', 14, '출석'),
	('2023-12-06', 15, '출석'),
	('2023-12-06', 16, '출석'),
	('2023-12-06', 17, '출석'),
	('2023-12-06', 18, '출석'),
	('2023-12-06', 19, '출석'),
	('2023-12-06', 20, '출석'),
	('2023-12-06', 21, '출석'),
	('2023-12-06', 22, '출석'),
	('2023-12-06', 23, '출석'),
	('2023-12-06', 24, '출석'),
	('2023-12-06', 25, '출석'),
	('2023-12-06', 26, '출석'),
	('2023-12-06', 27, '출석'),
	('2023-12-06', 28, '출석'),
	('2023-12-06', 29, '출석'),
	('2023-12-06', 30, '출석'),
	('2023-12-06', 31, '출석'),
	('2023-12-06', 32, '출석'),
	('2023-12-06', 33, '결석'),
	('2023-12-06', 34, '출석'),
	('2023-12-06', 35, '출석'),
	('2023-12-06', 36, '출석'),
	('2023-12-06', 37, '출석'),
	('2023-12-06', 38, '출석'),
	('2023-12-06', 39, '결석'),
	('2023-12-06', 40, '출석'),
	('2023-12-06', 41, '출석'),
	('2023-12-06', 42, '출석'),
	('2023-12-06', 43, '출석'),
	('2023-12-06', 44, '출석'),
	('2023-12-06', 45, '출석'),
	('2023-12-06', 46, '출석'),
	('2023-12-06', 47, '출석'),
	('2023-12-06', 48, '출석'),
	('2023-12-06', 49, '출석'),
	('2023-12-06', 50, '출석'),
	('2023-12-06', 51, '출석'),
	('2023-12-06', 52, '출석'),
	('2023-12-06', 53, '출석'),
	('2023-12-06', 54, '출석'),
	('2023-12-06', 55, '출석'),
	('2023-12-06', 56, '출석'),
	('2023-12-06', 57, '출석'),
	('2023-12-06', 58, '출석'),
	('2023-12-06', 59, '출석'),
	('2023-12-06', 60, '출석'),
	('2023-12-07', 1, '출석'),
	('2023-12-07', 2, '결석'),
	('2023-12-07', 3, '조퇴'),
	('2023-12-07', 4, '출석'),
	('2023-12-07', 5, '출석'),
	('2023-12-07', 6, '조퇴'),
	('2023-12-07', 7, '출석'),
	('2023-12-07', 8, '출석'),
	('2023-12-07', 9, '출석'),
	('2023-12-07', 10, '출석'),
	('2023-12-07', 11, '조퇴'),
	('2023-12-07', 12, '출석'),
	('2023-12-07', 13, '결석'),
	('2023-12-07', 14, '출석'),
	('2023-12-07', 15, '출석'),
	('2023-12-07', 16, '출석'),
	('2023-12-07', 17, '출석'),
	('2023-12-07', 18, '외출'),
	('2023-12-07', 19, '지각'),
	('2023-12-07', 20, '출석'),
	('2023-12-07', 21, '출석'),
	('2023-12-07', 22, '출석'),
	('2023-12-07', 23, '출석'),
	('2023-12-07', 24, '출석'),
	('2023-12-07', 25, '출석'),
	('2023-12-07', 26, '출석'),
	('2023-12-07', 27, '지각'),
	('2023-12-07', 28, '출석'),
	('2023-12-07', 29, '출석'),
	('2023-12-07', 30, '출석'),
	('2023-12-07', 31, '출석'),
	('2023-12-07', 32, '출석'),
	('2023-12-07', 33, '결석'),
	('2023-12-07', 34, '출석'),
	('2023-12-07', 35, '출석'),
	('2023-12-07', 36, '외출'),
	('2023-12-07', 37, '출석'),
	('2023-12-07', 38, '출석'),
	('2023-12-07', 39, '출석'),
	('2023-12-07', 40, '출석'),
	('2023-12-07', 41, '출석'),
	('2023-12-07', 42, '출석'),
	('2023-12-07', 43, '출석'),
	('2023-12-07', 44, '출석'),
	('2023-12-07', 45, '출석'),
	('2023-12-07', 46, '출석'),
	('2023-12-07', 47, '출석'),
	('2023-12-07', 48, '출석'),
	('2023-12-07', 49, '출석'),
	('2023-12-07', 50, '출석'),
	('2023-12-07', 51, '출석'),
	('2023-12-07', 52, '출석'),
	('2023-12-07', 53, '출석'),
	('2023-12-07', 54, '출석'),
	('2023-12-07', 55, '출석'),
	('2023-12-07', 56, '출석'),
	('2023-12-07', 57, '출석'),
	('2023-12-07', 58, '출석'),
	('2023-12-07', 59, '출석'),
	('2023-12-07', 60, '출석'),
	('2023-12-08', 1, '출석'),
	('2023-12-08', 2, '출석'),
	('2023-12-08', 3, '출석'),
	('2023-12-08', 4, '출석'),
	('2023-12-08', 5, '지각'),
	('2023-12-08', 6, '출석'),
	('2023-12-08', 7, '출석'),
	('2023-12-08', 8, '지각'),
	('2023-12-08', 9, '출석'),
	('2023-12-08', 10, '출석'),
	('2023-12-08', 11, '출석'),
	('2023-12-08', 12, '출석'),
	('2023-12-08', 13, '결석'),
	('2023-12-08', 14, '출석'),
	('2023-12-08', 15, '출석'),
	('2023-12-08', 16, '외출'),
	('2023-12-08', 17, '출석'),
	('2023-12-08', 18, '결석'),
	('2023-12-08', 19, '조퇴'),
	('2023-12-08', 20, '출석'),
	('2023-12-08', 21, '출석'),
	('2023-12-08', 22, '출석'),
	('2023-12-08', 23, '결석'),
	('2023-12-08', 24, '출석'),
	('2023-12-08', 25, '출석'),
	('2023-12-08', 26, '출석'),
	('2023-12-08', 27, '출석'),
	('2023-12-08', 28, '출석'),
	('2023-12-08', 29, '출석'),
	('2023-12-08', 30, '출석'),
	('2023-12-08', 31, '결석'),
	('2023-12-08', 32, '출석'),
	('2023-12-08', 33, '출석'),
	('2023-12-08', 34, '출석'),
	('2023-12-08', 35, '출석'),
	('2023-12-08', 36, '출석'),
	('2023-12-08', 37, '출석'),
	('2023-12-08', 38, '출석'),
	('2023-12-08', 39, '출석'),
	('2023-12-08', 40, '출석'),
	('2023-12-08', 41, '출석'),
	('2023-12-08', 42, '출석'),
	('2023-12-08', 43, '출석'),
	('2023-12-08', 44, '출석'),
	('2023-12-08', 45, '출석'),
	('2023-12-08', 46, '출석'),
	('2023-12-08', 47, '출석'),
	('2023-12-08', 48, '출석'),
	('2023-12-08', 49, '출석'),
	('2023-12-08', 50, '출석'),
	('2023-12-08', 51, '출석'),
	('2023-12-08', 52, '결석'),
	('2023-12-08', 53, '출석'),
	('2023-12-08', 54, '출석'),
	('2023-12-08', 55, '출석'),
	('2023-12-08', 56, '출석'),
	('2023-12-08', 57, '출석'),
	('2023-12-08', 58, '출석'),
	('2023-12-08', 59, '출석'),
	('2023-12-08', 60, '출석'),
	('2023-12-11', 1, '출석'),
	('2023-12-11', 2, '결석'),
	('2023-12-11', 3, '출석'),
	('2023-12-11', 4, '출석'),
	('2023-12-11', 5, '출석'),
	('2023-12-11', 6, '지각'),
	('2023-12-11', 7, '출석'),
	('2023-12-11', 8, '출석'),
	('2023-12-11', 9, '출석'),
	('2023-12-11', 10, '출석'),
	('2023-12-11', 11, '지각'),
	('2023-12-11', 12, '외출'),
	('2023-12-11', 13, '결석'),
	('2023-12-11', 14, '출석'),
	('2023-12-11', 15, '출석'),
	('2023-12-11', 16, '출석'),
	('2023-12-11', 17, '출석'),
	('2023-12-11', 18, '출석'),
	('2023-12-11', 19, '출석'),
	('2023-12-11', 20, '출석'),
	('2023-12-11', 21, '출석'),
	('2023-12-11', 22, '출석'),
	('2023-12-11', 23, '출석'),
	('2023-12-11', 24, '출석'),
	('2023-12-11', 25, '출석'),
	('2023-12-11', 26, '조퇴'),
	('2023-12-11', 27, '출석'),
	('2023-12-11', 28, '출석'),
	('2023-12-11', 29, '출석'),
	('2023-12-11', 30, '출석'),
	('2023-12-11', 31, '출석'),
	('2023-12-11', 32, '출석'),
	('2023-12-11', 33, '출석'),
	('2023-12-11', 34, '출석'),
	('2023-12-11', 35, '출석'),
	('2023-12-11', 36, '출석'),
	('2023-12-11', 37, '출석'),
	('2023-12-11', 38, '출석'),
	('2023-12-11', 39, '결석'),
	('2023-12-11', 40, '출석'),
	('2023-12-11', 41, '출석'),
	('2023-12-11', 42, '출석'),
	('2023-12-11', 43, '출석'),
	('2023-12-11', 44, '출석'),
	('2023-12-11', 45, '출석'),
	('2023-12-11', 46, '출석'),
	('2023-12-11', 47, '출석'),
	('2023-12-11', 48, '출석'),
	('2023-12-11', 49, '출석'),
	('2023-12-11', 50, '출석'),
	('2023-12-11', 51, '출석'),
	('2023-12-11', 52, '출석'),
	('2023-12-11', 53, '출석'),
	('2023-12-11', 54, '출석'),
	('2023-12-11', 55, '출석'),
	('2023-12-11', 56, '출석'),
	('2023-12-11', 57, '출석'),
	('2023-12-11', 58, '출석'),
	('2023-12-11', 59, '출석'),
	('2023-12-11', 60, '출석'),
	('2023-12-12', 1, '출석'),
	('2023-12-12', 2, '출석'),
	('2023-12-12', 3, '출석'),
	('2023-12-12', 4, '지각'),
	('2023-12-12', 5, '지각'),
	('2023-12-12', 6, '출석'),
	('2023-12-12', 7, '출석'),
	('2023-12-12', 8, '출석'),
	('2023-12-12', 9, '출석'),
	('2023-12-12', 10, '출석'),
	('2023-12-12', 11, '출석'),
	('2023-12-12', 12, '출석'),
	('2023-12-12', 13, '결석'),
	('2023-12-12', 14, '출석'),
	('2023-12-12', 15, '조퇴'),
	('2023-12-12', 16, '출석'),
	('2023-12-12', 17, '출석'),
	('2023-12-12', 18, '결석'),
	('2023-12-12', 19, '출석'),
	('2023-12-12', 20, '출석'),
	('2023-12-12', 21, '외출'),
	('2023-12-12', 22, '출석'),
	('2023-12-12', 23, '결석'),
	('2023-12-12', 24, '출석'),
	('2023-12-12', 25, '출석'),
	('2023-12-12', 26, '출석'),
	('2023-12-12', 27, '조퇴'),
	('2023-12-12', 28, '출석'),
	('2023-12-12', 29, '조퇴'),
	('2023-12-12', 30, '지각'),
	('2023-12-12', 31, '출석'),
	('2023-12-12', 32, '출석'),
	('2023-12-12', 33, '결석'),
	('2023-12-12', 34, '출석'),
	('2023-12-12', 35, '출석'),
	('2023-12-12', 36, '출석'),
	('2023-12-12', 37, '출석'),
	('2023-12-12', 38, '출석'),
	('2023-12-12', 39, '출석'),
	('2023-12-12', 40, '출석'),
	('2023-12-12', 41, '출석'),
	('2023-12-12', 42, '출석'),
	('2023-12-12', 43, '출석'),
	('2023-12-12', 44, '출석'),
	('2023-12-12', 45, '출석'),
	('2023-12-12', 46, '출석'),
	('2023-12-12', 47, '출석'),
	('2023-12-12', 48, '지각'),
	('2023-12-12', 49, '출석'),
	('2023-12-12', 50, '출석'),
	('2023-12-12', 51, '출석'),
	('2023-12-12', 52, '출석'),
	('2023-12-12', 53, '출석'),
	('2023-12-12', 54, '출석'),
	('2023-12-12', 55, '출석'),
	('2023-12-12', 56, '출석'),
	('2023-12-12', 57, '출석'),
	('2023-12-12', 58, '출석'),
	('2023-12-12', 59, '출석'),
	('2023-12-12', 60, '출석'),
	('2023-12-13', 1, '출석'),
	('2023-12-13', 2, '결석'),
	('2023-12-13', 3, '출석'),
	('2023-12-13', 4, '출석'),
	('2023-12-13', 5, '출석'),
	('2023-12-13', 6, '조퇴'),
	('2023-12-13', 7, '출석'),
	('2023-12-13', 8, '출석'),
	('2023-12-13', 9, '출석'),
	('2023-12-13', 10, '지각'),
	('2023-12-13', 11, '출석'),
	('2023-12-13', 12, '출석'),
	('2023-12-13', 13, '출석'),
	('2023-12-13', 14, '출석'),
	('2023-12-13', 15, '출석'),
	('2023-12-13', 16, '출석'),
	('2023-12-13', 17, '출석'),
	('2023-12-13', 18, '출석'),
	('2023-12-13', 19, '출석'),
	('2023-12-13', 20, '출석'),
	('2023-12-13', 21, '출석'),
	('2023-12-13', 22, '출석'),
	('2023-12-13', 23, '출석'),
	('2023-12-13', 24, '출석'),
	('2023-12-13', 25, '출석'),
	('2023-12-13', 26, '출석'),
	('2023-12-13', 27, '출석'),
	('2023-12-13', 28, '출석'),
	('2023-12-13', 29, '출석'),
	('2023-12-13', 30, '출석'),
	('2023-12-13', 31, '출석'),
	('2023-12-13', 32, '출석'),
	('2023-12-13', 33, '출석'),
	('2023-12-13', 34, '출석'),
	('2023-12-13', 35, '출석'),
	('2023-12-13', 36, '출석'),
	('2023-12-13', 37, '출석'),
	('2023-12-13', 38, '출석'),
	('2023-12-13', 39, '출석'),
	('2023-12-13', 40, '출석'),
	('2023-12-13', 41, '출석'),
	('2023-12-13', 42, '출석'),
	('2023-12-13', 43, '출석'),
	('2023-12-13', 44, '출석'),
	('2023-12-13', 45, '출석'),
	('2023-12-13', 46, '출석'),
	('2023-12-13', 47, '출석'),
	('2023-12-13', 48, '출석'),
	('2023-12-13', 49, '출석'),
	('2023-12-13', 50, '출석'),
	('2023-12-13', 51, '출석'),
	('2023-12-13', 52, '출석'),
	('2023-12-13', 53, '출석'),
	('2023-12-13', 54, '출석'),
	('2023-12-13', 55, '출석'),
	('2023-12-13', 56, '출석'),
	('2023-12-13', 57, '출석'),
	('2023-12-13', 58, '출석'),
	('2023-12-13', 59, '출석'),
	('2023-12-13', 60, '출석'),
	('2023-12-14', 1, '결석'),
	('2023-12-14', 2, '출석'),
	('2023-12-14', 3, '출석'),
	('2023-12-14', 4, '출석'),
	('2023-12-14', 5, '지각'),
	('2023-12-14', 6, '출석'),
	('2023-12-14', 7, '출석'),
	('2023-12-14', 8, '조퇴'),
	('2023-12-14', 9, '출석'),
	('2023-12-14', 10, '출석'),
	('2023-12-14', 11, '출석'),
	('2023-12-14', 12, '출석'),
	('2023-12-14', 13, '출석'),
	('2023-12-14', 14, '출석'),
	('2023-12-14', 15, '출석'),
	('2023-12-14', 16, '지각'),
	('2023-12-14', 17, '출석'),
	('2023-12-14', 18, '출석'),
	('2023-12-14', 19, '출석'),
	('2023-12-14', 20, '출석'),
	('2023-12-14', 21, '출석'),
	('2023-12-14', 22, '출석'),
	('2023-12-14', 23, '출석'),
	('2023-12-14', 24, '출석'),
	('2023-12-14', 25, '출석'),
	('2023-12-14', 26, '출석'),
	('2023-12-14', 27, '출석'),
	('2023-12-14', 28, '출석'),
	('2023-12-14', 29, '출석'),
	('2023-12-14', 30, '출석'),
	('2023-12-14', 31, '결석'),
	('2023-12-14', 32, '결석'),
	('2023-12-14', 33, '결석'),
	('2023-12-14', 34, '결석'),
	('2023-12-14', 35, '결석'),
	('2023-12-14', 36, '결석'),
	('2023-12-14', 37, '결석'),
	('2023-12-14', 38, '결석'),
	('2023-12-14', 39, '결석'),
	('2023-12-14', 40, '결석'),
	('2023-12-14', 41, '결석'),
	('2023-12-14', 42, '결석'),
	('2023-12-14', 43, '결석'),
	('2023-12-14', 44, '결석'),
	('2023-12-14', 45, '결석'),
	('2023-12-14', 46, '결석'),
	('2023-12-14', 47, '결석'),
	('2023-12-14', 48, '결석'),
	('2023-12-14', 49, '결석'),
	('2023-12-14', 50, '결석'),
	('2023-12-14', 51, '결석'),
	('2023-12-14', 52, '결석'),
	('2023-12-14', 53, '결석'),
	('2023-12-14', 54, '결석'),
	('2023-12-14', 55, '결석'),
	('2023-12-14', 56, '결석'),
	('2023-12-14', 57, '결석'),
	('2023-12-14', 58, '결석'),
	('2023-12-14', 59, '결석'),
	('2023-12-14', 60, '결석'),
	('2023-12-15', 1, '출석'),
	('2023-12-15', 2, '출석'),
	('2023-12-15', 3, '출석'),
	('2023-12-15', 4, '출석'),
	('2023-12-15', 5, '출석'),
	('2023-12-15', 6, '외출'),
	('2023-12-15', 7, '출석'),
	('2023-12-15', 8, '출석'),
	('2023-12-15', 9, '출석'),
	('2023-12-15', 10, '출석'),
	('2023-12-15', 11, '출석'),
	('2023-12-15', 12, '출석'),
	('2023-12-15', 13, '지각'),
	('2023-12-15', 14, '출석'),
	('2023-12-15', 15, '출석'),
	('2023-12-15', 16, '출석'),
	('2023-12-15', 17, '출석'),
	('2023-12-15', 18, '결석'),
	('2023-12-15', 19, '결석'),
	('2023-12-15', 20, '출석'),
	('2023-12-15', 21, '출석'),
	('2023-12-15', 22, '출석'),
	('2023-12-15', 23, '결석'),
	('2023-12-15', 24, '출석'),
	('2023-12-15', 25, '출석'),
	('2023-12-15', 26, '출석'),
	('2023-12-15', 27, '출석'),
	('2023-12-15', 28, '출석'),
	('2023-12-15', 29, '외출'),
	('2023-12-15', 30, '외출'),
	('2023-12-15', 31, '출석'),
	('2023-12-15', 32, '외출'),
	('2023-12-15', 33, '출석'),
	('2023-12-15', 34, '출석'),
	('2023-12-15', 35, '출석'),
	('2023-12-15', 36, '출석'),
	('2023-12-15', 37, '출석'),
	('2023-12-15', 38, '출석'),
	('2023-12-15', 39, '출석'),
	('2023-12-15', 40, '출석'),
	('2023-12-15', 41, '출석'),
	('2023-12-15', 42, '출석'),
	('2023-12-15', 43, '출석'),
	('2023-12-15', 44, '출석'),
	('2023-12-15', 45, '출석'),
	('2023-12-15', 46, '출석'),
	('2023-12-15', 47, '출석'),
	('2023-12-15', 48, '출석'),
	('2023-12-15', 49, '출석'),
	('2023-12-15', 50, '출석'),
	('2023-12-15', 51, '출석'),
	('2023-12-15', 52, '출석'),
	('2023-12-15', 53, '출석'),
	('2023-12-15', 54, '결석'),
	('2023-12-15', 55, '출석'),
	('2023-12-15', 56, '출석'),
	('2023-12-15', 57, '출석'),
	('2023-12-15', 58, '출석'),
	('2023-12-15', 59, '출석'),
	('2023-12-15', 60, '출석'),
	('2023-12-18', 1, '출석'),
	('2023-12-18', 2, '결석'),
	('2023-12-18', 3, '출석'),
	('2023-12-18', 4, '출석'),
	('2023-12-18', 5, '지각'),
	('2023-12-18', 6, '출석'),
	('2023-12-18', 7, '출석'),
	('2023-12-18', 8, '출석'),
	('2023-12-18', 9, '출석'),
	('2023-12-18', 10, '출석'),
	('2023-12-18', 11, '출석'),
	('2023-12-18', 12, '출석'),
	('2023-12-18', 13, '출석'),
	('2023-12-18', 14, '출석'),
	('2023-12-18', 15, '출석'),
	('2023-12-18', 16, '출석'),
	('2023-12-18', 17, '출석'),
	('2023-12-18', 18, '출석'),
	('2023-12-18', 19, '출석'),
	('2023-12-18', 20, '출석'),
	('2023-12-18', 21, '결석'),
	('2023-12-18', 22, '출석'),
	('2023-12-18', 23, '출석'),
	('2023-12-18', 24, '출석'),
	('2023-12-18', 25, '출석'),
	('2023-12-18', 26, '출석'),
	('2023-12-18', 27, '출석'),
	('2023-12-18', 28, '출석'),
	('2023-12-18', 29, '출석'),
	('2023-12-18', 30, '출석'),
	('2023-12-18', 31, '출석'),
	('2023-12-18', 32, '출석'),
	('2023-12-18', 33, '결석'),
	('2023-12-18', 34, '출석'),
	('2023-12-18', 35, '출석'),
	('2023-12-18', 36, '출석'),
	('2023-12-18', 37, '출석'),
	('2023-12-18', 38, '출석'),
	('2023-12-18', 39, '출석'),
	('2023-12-18', 40, '출석'),
	('2023-12-18', 41, '출석'),
	('2023-12-18', 42, '출석'),
	('2023-12-18', 43, '출석'),
	('2023-12-18', 44, '출석'),
	('2023-12-18', 45, '출석'),
	('2023-12-18', 46, '출석'),
	('2023-12-18', 47, '출석'),
	('2023-12-18', 48, '출석'),
	('2023-12-18', 49, '출석'),
	('2023-12-18', 50, '출석'),
	('2023-12-18', 51, '출석'),
	('2023-12-18', 52, '결석'),
	('2023-12-18', 53, '출석'),
	('2023-12-18', 54, '결석'),
	('2023-12-18', 55, '출석'),
	('2023-12-18', 56, '출석'),
	('2023-12-18', 57, '출석'),
	('2023-12-18', 58, '출석'),
	('2023-12-18', 59, '출석'),
	('2023-12-18', 60, '출석'),
	('2023-12-19', 1, '출석'),
	('2023-12-19', 2, '출석'),
	('2023-12-19', 3, '출석'),
	('2023-12-19', 4, '출석'),
	('2023-12-19', 5, '출석'),
	('2023-12-19', 6, '결석'),
	('2023-12-19', 7, '출석'),
	('2023-12-19', 8, '출석'),
	('2023-12-19', 9, '출석'),
	('2023-12-19', 10, '출석'),
	('2023-12-19', 11, '출석'),
	('2023-12-19', 12, '출석'),
	('2023-12-19', 13, '조퇴'),
	('2023-12-19', 14, '출석'),
	('2023-12-19', 15, '출석'),
	('2023-12-19', 16, '결석'),
	('2023-12-19', 17, '출석'),
	('2023-12-19', 18, '출석'),
	('2023-12-19', 19, '출석'),
	('2023-12-19', 20, '외출'),
	('2023-12-19', 21, '출석'),
	('2023-12-19', 22, '출석'),
	('2023-12-19', 23, '출석'),
	('2023-12-19', 24, '출석'),
	('2023-12-19', 25, '출석'),
	('2023-12-19', 26, '출석'),
	('2023-12-19', 27, '출석'),
	('2023-12-19', 28, '출석'),
	('2023-12-19', 29, '출석'),
	('2023-12-19', 30, '출석'),
	('2023-12-19', 31, '결석'),
	('2023-12-19', 32, '출석'),
	('2023-12-19', 33, '출석'),
	('2023-12-19', 34, '출석'),
	('2023-12-19', 35, '출석'),
	('2023-12-19', 36, '출석'),
	('2023-12-19', 37, '출석'),
	('2023-12-19', 38, '출석'),
	('2023-12-19', 39, '출석'),
	('2023-12-19', 40, '출석'),
	('2023-12-19', 41, '출석'),
	('2023-12-19', 42, '출석'),
	('2023-12-19', 43, '출석'),
	('2023-12-19', 44, '출석'),
	('2023-12-19', 45, '출석'),
	('2023-12-19', 46, '출석'),
	('2023-12-19', 47, '출석'),
	('2023-12-19', 48, '출석'),
	('2023-12-19', 49, '출석'),
	('2023-12-19', 50, '출석'),
	('2023-12-19', 51, '출석'),
	('2023-12-19', 52, '출석'),
	('2023-12-19', 53, '출석'),
	('2023-12-19', 54, '결석'),
	('2023-12-19', 55, '출석'),
	('2023-12-19', 56, '출석'),
	('2023-12-19', 57, '출석'),
	('2023-12-19', 58, '출석'),
	('2023-12-19', 59, '출석'),
	('2023-12-19', 60, '출석'),
	('2023-12-20', 1, '출석'),
	('2023-12-20', 2, '출석'),
	('2023-12-20', 3, '외출'),
	('2023-12-20', 4, '출석'),
	('2023-12-20', 5, '지각'),
	('2023-12-20', 6, '출석'),
	('2023-12-20', 7, '출석'),
	('2023-12-20', 8, '출석'),
	('2023-12-20', 9, '출석'),
	('2023-12-20', 10, '조퇴'),
	('2023-12-20', 11, '외출'),
	('2023-12-20', 12, '출석'),
	('2023-12-20', 13, '출석'),
	('2023-12-20', 14, '출석'),
	('2023-12-20', 15, '출석'),
	('2023-12-20', 16, '출석'),
	('2023-12-20', 17, '출석'),
	('2023-12-20', 18, '지각'),
	('2023-12-20', 19, '출석'),
	('2023-12-20', 20, '출석'),
	('2023-12-20', 21, '출석'),
	('2023-12-20', 22, '출석'),
	('2023-12-20', 23, '외출'),
	('2023-12-20', 24, '지각'),
	('2023-12-20', 25, '출석'),
	('2023-12-20', 26, '출석'),
	('2023-12-20', 27, '출석'),
	('2023-12-20', 28, '출석'),
	('2023-12-20', 29, '지각'),
	('2023-12-20', 30, '조퇴'),
	('2023-12-20', 31, '출석'),
	('2023-12-20', 32, '출석'),
	('2023-12-20', 33, '출석'),
	('2023-12-20', 34, '출석'),
	('2023-12-20', 35, '출석'),
	('2023-12-20', 36, '출석'),
	('2023-12-20', 37, '출석'),
	('2023-12-20', 38, '출석'),
	('2023-12-20', 39, '출석'),
	('2023-12-20', 40, '출석'),
	('2023-12-20', 41, '출석'),
	('2023-12-20', 42, '출석'),
	('2023-12-20', 43, '출석'),
	('2023-12-20', 44, '출석'),
	('2023-12-20', 45, '출석'),
	('2023-12-20', 46, '출석'),
	('2023-12-20', 47, '출석'),
	('2023-12-20', 48, '출석'),
	('2023-12-20', 49, '출석'),
	('2023-12-20', 50, '출석'),
	('2023-12-20', 51, '출석'),
	('2023-12-20', 52, '결석'),
	('2023-12-20', 53, '출석'),
	('2023-12-20', 54, '출석'),
	('2023-12-20', 55, '출석'),
	('2023-12-20', 56, '출석'),
	('2023-12-20', 57, '출석'),
	('2023-12-20', 58, '출석'),
	('2023-12-20', 59, '출석'),
	('2023-12-20', 60, '출석'),
	('2023-12-21', 1, '출석'),
	('2023-12-21', 2, '지각'),
	('2023-12-21', 3, '출석'),
	('2023-12-21', 4, '출석'),
	('2023-12-21', 5, '출석'),
	('2023-12-21', 6, '출석'),
	('2023-12-21', 7, '출석'),
	('2023-12-21', 8, '출석'),
	('2023-12-21', 9, '출석'),
	('2023-12-21', 10, '출석'),
	('2023-12-21', 11, '출석'),
	('2023-12-21', 12, '출석'),
	('2023-12-21', 13, '외출'),
	('2023-12-21', 14, '출석'),
	('2023-12-21', 15, '출석'),
	('2023-12-21', 16, '출석'),
	('2023-12-21', 17, '출석'),
	('2023-12-21', 18, '조퇴'),
	('2023-12-21', 19, '출석'),
	('2023-12-21', 20, '출석'),
	('2023-12-21', 21, '출석'),
	('2023-12-21', 22, '출석'),
	('2023-12-21', 23, '지각'),
	('2023-12-21', 24, '출석'),
	('2023-12-21', 25, '출석'),
	('2023-12-21', 26, '출석'),
	('2023-12-21', 27, '출석'),
	('2023-12-21', 28, '출석'),
	('2023-12-21', 29, '출석'),
	('2023-12-21', 30, '출석'),
	('2023-12-21', 31, '출석'),
	('2023-12-21', 32, '출석'),
	('2023-12-21', 33, '출석'),
	('2023-12-21', 34, '출석'),
	('2023-12-21', 35, '출석'),
	('2023-12-21', 36, '출석'),
	('2023-12-21', 37, '출석'),
	('2023-12-21', 38, '출석'),
	('2023-12-21', 39, '출석'),
	('2023-12-21', 40, '출석'),
	('2023-12-21', 41, '출석'),
	('2023-12-21', 42, '출석'),
	('2023-12-21', 43, '출석'),
	('2023-12-21', 44, '출석'),
	('2023-12-21', 45, '출석'),
	('2023-12-21', 46, '출석'),
	('2023-12-21', 47, '출석'),
	('2023-12-21', 48, '출석'),
	('2023-12-21', 49, '출석'),
	('2023-12-21', 50, '출석'),
	('2023-12-21', 51, '출석'),
	('2023-12-21', 52, '출석'),
	('2023-12-21', 53, '출석'),
	('2023-12-21', 54, '출석'),
	('2023-12-21', 55, '출석'),
	('2023-12-21', 56, '출석'),
	('2023-12-21', 57, '출석'),
	('2023-12-21', 58, '출석'),
	('2023-12-21', 59, '출석'),
	('2023-12-21', 60, '출석'),
	('2023-12-22', 1, '출석'),
	('2023-12-22', 2, '출석'),
	('2023-12-22', 3, '출석'),
	('2023-12-22', 4, '지각'),
	('2023-12-22', 5, '지각'),
	('2023-12-22', 6, '출석'),
	('2023-12-22', 7, '출석'),
	('2023-12-22', 8, '외출'),
	('2023-12-22', 9, '출석'),
	('2023-12-22', 10, '출석'),
	('2023-12-22', 11, '출석'),
	('2023-12-22', 12, '출석'),
	('2023-12-22', 13, '출석'),
	('2023-12-22', 14, '출석'),
	('2023-12-22', 15, '결석'),
	('2023-12-22', 16, '조퇴'),
	('2023-12-22', 17, '출석'),
	('2023-12-22', 18, '출석'),
	('2023-12-22', 19, '출석'),
	('2023-12-22', 20, '출석'),
	('2023-12-22', 21, '출석'),
	('2023-12-22', 22, '출석'),
	('2023-12-22', 23, '조퇴'),
	('2023-12-22', 24, '출석'),
	('2023-12-22', 25, '출석'),
	('2023-12-22', 26, '출석'),
	('2023-12-22', 27, '출석'),
	('2023-12-22', 28, '출석'),
	('2023-12-22', 29, '출석'),
	('2023-12-22', 30, '출석'),
	('2023-12-22', 31, '출석'),
	('2023-12-22', 32, '출석'),
	('2023-12-22', 33, '출석'),
	('2023-12-22', 34, '출석'),
	('2023-12-22', 35, '출석'),
	('2023-12-22', 36, '출석'),
	('2023-12-22', 37, '출석'),
	('2023-12-22', 38, '출석'),
	('2023-12-22', 39, '출석'),
	('2023-12-22', 40, '출석'),
	('2023-12-22', 41, '출석'),
	('2023-12-22', 42, '출석'),
	('2023-12-22', 43, '출석'),
	('2023-12-22', 44, '출석'),
	('2023-12-22', 45, '출석'),
	('2023-12-22', 46, '출석'),
	('2023-12-22', 47, '출석'),
	('2023-12-22', 48, '출석'),
	('2023-12-22', 49, '출석'),
	('2023-12-22', 50, '출석'),
	('2023-12-22', 51, '출석'),
	('2023-12-22', 52, '출석'),
	('2023-12-22', 53, '출석'),
	('2023-12-22', 54, '출석'),
	('2023-12-22', 55, '출석'),
	('2023-12-22', 56, '출석'),
	('2023-12-22', 57, '출석'),
	('2023-12-22', 58, '출석'),
	('2023-12-22', 59, '출석'),
	('2023-12-22', 60, '출석'),
	('2023-12-25', 1, '조퇴'),
	('2023-12-25', 2, '결석'),
	('2023-12-25', 3, '출석'),
	('2023-12-25', 4, '출석'),
	('2023-12-25', 5, '출석'),
	('2023-12-25', 6, '출석'),
	('2023-12-25', 7, '출석'),
	('2023-12-25', 8, '출석'),
	('2023-12-25', 9, '출석'),
	('2023-12-25', 10, '출석'),
	('2023-12-25', 11, '출석'),
	('2023-12-25', 12, '출석'),
	('2023-12-25', 13, '출석'),
	('2023-12-25', 14, '출석'),
	('2023-12-25', 15, '출석'),
	('2023-12-25', 16, '출석'),
	('2023-12-25', 17, '출석'),
	('2023-12-25', 18, '출석'),
	('2023-12-25', 19, '출석'),
	('2023-12-25', 20, '출석'),
	('2023-12-25', 21, '출석'),
	('2023-12-25', 22, '출석'),
	('2023-12-25', 23, '출석'),
	('2023-12-25', 24, '출석'),
	('2023-12-25', 25, '출석'),
	('2023-12-25', 26, '출석'),
	('2023-12-25', 27, '출석'),
	('2023-12-25', 28, '출석'),
	('2023-12-25', 29, '출석'),
	('2023-12-25', 30, '출석'),
	('2023-12-25', 31, '조퇴'),
	('2023-12-25', 32, '조퇴'),
	('2023-12-25', 33, '조퇴'),
	('2023-12-25', 34, '조퇴'),
	('2023-12-25', 35, '조퇴'),
	('2023-12-25', 36, '조퇴'),
	('2023-12-25', 37, '조퇴'),
	('2023-12-25', 38, '조퇴'),
	('2023-12-25', 39, '조퇴'),
	('2023-12-25', 40, '조퇴'),
	('2023-12-25', 41, '조퇴'),
	('2023-12-25', 42, '조퇴'),
	('2023-12-25', 43, '조퇴'),
	('2023-12-25', 44, '조퇴'),
	('2023-12-25', 45, '조퇴'),
	('2023-12-25', 46, '조퇴'),
	('2023-12-25', 47, '조퇴'),
	('2023-12-25', 48, '조퇴'),
	('2023-12-25', 49, '조퇴'),
	('2023-12-25', 50, '조퇴'),
	('2023-12-25', 51, '조퇴'),
	('2023-12-25', 52, '조퇴'),
	('2023-12-25', 53, '조퇴'),
	('2023-12-25', 54, '조퇴'),
	('2023-12-25', 55, '조퇴'),
	('2023-12-25', 56, '조퇴'),
	('2023-12-25', 57, '조퇴'),
	('2023-12-25', 58, '조퇴'),
	('2023-12-25', 59, '조퇴'),
	('2023-12-25', 60, '조퇴'),
	('2023-12-26', 1, '출석'),
	('2023-12-26', 2, '출석'),
	('2023-12-26', 3, '출석'),
	('2023-12-26', 4, '출석'),
	('2023-12-26', 5, '지각'),
	('2023-12-26', 6, '결석'),
	('2023-12-26', 7, '출석'),
	('2023-12-26', 8, '출석'),
	('2023-12-26', 9, '출석'),
	('2023-12-26', 10, '출석'),
	('2023-12-26', 11, '출석'),
	('2023-12-26', 12, '출석'),
	('2023-12-26', 13, '출석'),
	('2023-12-26', 14, '출석'),
	('2023-12-26', 15, '출석'),
	('2023-12-26', 16, '출석'),
	('2023-12-26', 17, '출석'),
	('2023-12-26', 18, '출석'),
	('2023-12-26', 19, '출석'),
	('2023-12-26', 20, '출석'),
	('2023-12-26', 21, '출석'),
	('2023-12-26', 22, '외출'),
	('2023-12-26', 23, '결석'),
	('2023-12-26', 24, '출석'),
	('2023-12-26', 25, '출석'),
	('2023-12-26', 26, '출석'),
	('2023-12-26', 27, '출석'),
	('2023-12-26', 28, '출석'),
	('2023-12-26', 29, '결석'),
	('2023-12-26', 30, '출석'),
	('2023-12-26', 31, '출석'),
	('2023-12-26', 32, '출석'),
	('2023-12-26', 33, '결석'),
	('2023-12-26', 34, '출석'),
	('2023-12-26', 35, '출석'),
	('2023-12-26', 36, '출석'),
	('2023-12-26', 37, '출석'),
	('2023-12-26', 38, '출석'),
	('2023-12-26', 39, '지각'),
	('2023-12-26', 40, '출석'),
	('2023-12-26', 41, '출석'),
	('2023-12-26', 42, '출석'),
	('2023-12-26', 43, '출석'),
	('2023-12-26', 44, '출석'),
	('2023-12-26', 45, '출석'),
	('2023-12-26', 46, '출석'),
	('2023-12-26', 47, '출석'),
	('2023-12-26', 48, '출석'),
	('2023-12-26', 49, '출석'),
	('2023-12-26', 50, '출석'),
	('2023-12-26', 51, '출석'),
	('2023-12-26', 52, '출석'),
	('2023-12-26', 53, '출석'),
	('2023-12-26', 54, '출석'),
	('2023-12-26', 55, '출석'),
	('2023-12-26', 56, '출석'),
	('2023-12-26', 57, '출석'),
	('2023-12-26', 58, '출석'),
	('2023-12-26', 59, '출석'),
	('2023-12-26', 60, '출석'),
	('2023-12-27', 1, '출석'),
	('2023-12-27', 2, '결석'),
	('2023-12-27', 3, '출석'),
	('2023-12-27', 4, '출석'),
	('2023-12-27', 5, '출석'),
	('2023-12-27', 6, '출석'),
	('2023-12-27', 7, '출석'),
	('2023-12-27', 8, '출석'),
	('2023-12-27', 9, '출석'),
	('2023-12-27', 10, '외출'),
	('2023-12-27', 11, '출석'),
	('2023-12-27', 12, '출석'),
	('2023-12-27', 13, '출석'),
	('2023-12-27', 14, '출석'),
	('2023-12-27', 15, '출석'),
	('2023-12-27', 16, '외출'),
	('2023-12-27', 17, '출석'),
	('2023-12-27', 18, '출석'),
	('2023-12-27', 19, '출석'),
	('2023-12-27', 20, '출석'),
	('2023-12-27', 21, '출석'),
	('2023-12-27', 22, '출석'),
	('2023-12-27', 23, '출석'),
	('2023-12-27', 24, '출석'),
	('2023-12-27', 25, '출석'),
	('2023-12-27', 26, '출석'),
	('2023-12-27', 27, '출석'),
	('2023-12-27', 28, '출석'),
	('2023-12-27', 29, '출석'),
	('2023-12-27', 30, '출석'),
	('2023-12-27', 31, '출석'),
	('2023-12-27', 32, '출석'),
	('2023-12-27', 33, '출석'),
	('2023-12-27', 34, '출석'),
	('2023-12-27', 35, '출석'),
	('2023-12-27', 36, '출석'),
	('2023-12-27', 37, '출석'),
	('2023-12-27', 38, '출석'),
	('2023-12-27', 39, '외출'),
	('2023-12-27', 40, '출석'),
	('2023-12-27', 41, '출석'),
	('2023-12-27', 42, '출석'),
	('2023-12-27', 43, '출석'),
	('2023-12-27', 44, '출석'),
	('2023-12-27', 45, '출석'),
	('2023-12-27', 46, '출석'),
	('2023-12-27', 47, '출석'),
	('2023-12-27', 48, '출석'),
	('2023-12-27', 49, '출석'),
	('2023-12-27', 50, '출석'),
	('2023-12-27', 51, '출석'),
	('2023-12-27', 52, '출석'),
	('2023-12-27', 53, '출석'),
	('2023-12-27', 54, '출석'),
	('2023-12-27', 55, '출석'),
	('2023-12-27', 56, '출석'),
	('2023-12-27', 57, '출석'),
	('2023-12-27', 58, '출석'),
	('2023-12-27', 59, '출석'),
	('2023-12-27', 60, '출석'),
	('2023-12-28', 1, '출석'),
	('2023-12-28', 2, '결석'),
	('2023-12-28', 3, '출석'),
	('2023-12-28', 4, '출석'),
	('2023-12-28', 5, '지각'),
	('2023-12-28', 6, '출석'),
	('2023-12-28', 7, '출석'),
	('2023-12-28', 8, '출석'),
	('2023-12-28', 9, '출석'),
	('2023-12-28', 10, '출석'),
	('2023-12-28', 11, '출석'),
	('2023-12-28', 12, '출석'),
	('2023-12-28', 13, '출석'),
	('2023-12-28', 14, '출석'),
	('2023-12-28', 15, '출석'),
	('2023-12-28', 16, '출석'),
	('2023-12-28', 17, '출석'),
	('2023-12-28', 18, '출석'),
	('2023-12-28', 19, '출석'),
	('2023-12-28', 20, '출석'),
	('2023-12-28', 21, '출석'),
	('2023-12-28', 22, '출석'),
	('2023-12-28', 23, '출석'),
	('2023-12-28', 24, '출석'),
	('2023-12-28', 25, '출석'),
	('2023-12-28', 26, '출석'),
	('2023-12-28', 27, '출석'),
	('2023-12-28', 28, '출석'),
	('2023-12-28', 29, '출석'),
	('2023-12-28', 30, '출석'),
	('2023-12-28', 31, '출석'),
	('2023-12-28', 32, '출석'),
	('2023-12-28', 33, '출석'),
	('2023-12-28', 34, '출석'),
	('2023-12-28', 35, '출석'),
	('2023-12-28', 36, '출석'),
	('2023-12-28', 37, '출석'),
	('2023-12-28', 38, '출석'),
	('2023-12-28', 39, '출석'),
	('2023-12-28', 40, '출석'),
	('2023-12-28', 41, '출석'),
	('2023-12-28', 42, '출석'),
	('2023-12-28', 43, '출석'),
	('2023-12-28', 44, '출석'),
	('2023-12-28', 45, '출석'),
	('2023-12-28', 46, '출석'),
	('2023-12-28', 47, '출석'),
	('2023-12-28', 48, '출석'),
	('2023-12-28', 49, '출석'),
	('2023-12-28', 50, '출석'),
	('2023-12-28', 51, '출석'),
	('2023-12-28', 52, '출석'),
	('2023-12-28', 53, '외출'),
	('2023-12-28', 54, '결석'),
	('2023-12-28', 55, '출석'),
	('2023-12-28', 56, '출석'),
	('2023-12-28', 57, '출석'),
	('2023-12-28', 58, '출석'),
	('2023-12-28', 59, '출석'),
	('2023-12-28', 60, '출석'),
	('2023-12-29', 1, '출석'),
	('2023-12-29', 2, '결석'),
	('2023-12-29', 3, '출석'),
	('2023-12-29', 4, '출석'),
	('2023-12-29', 5, '출석'),
	('2023-12-29', 6, '출석'),
	('2023-12-29', 7, '출석'),
	('2023-12-29', 8, '출석'),
	('2023-12-29', 9, '출석'),
	('2023-12-29', 10, '출석'),
	('2023-12-29', 11, '결석'),
	('2023-12-29', 12, '출석'),
	('2023-12-29', 13, '출석'),
	('2023-12-29', 14, '출석'),
	('2023-12-29', 15, '지각'),
	('2023-12-29', 16, '출석'),
	('2023-12-29', 17, '출석'),
	('2023-12-29', 18, '출석'),
	('2023-12-29', 19, '출석'),
	('2023-12-29', 20, '출석'),
	('2023-12-29', 21, '출석'),
	('2023-12-29', 22, '출석'),
	('2023-12-29', 23, '출석'),
	('2023-12-29', 24, '출석'),
	('2023-12-29', 25, '출석'),
	('2023-12-29', 26, '출석'),
	('2023-12-29', 27, '출석'),
	('2023-12-29', 28, '출석'),
	('2023-12-29', 29, '출석'),
	('2023-12-29', 30, '출석'),
	('2023-12-29', 31, '출석'),
	('2023-12-29', 32, '출석'),
	('2023-12-29', 33, '출석'),
	('2023-12-29', 34, '출석'),
	('2023-12-29', 35, '출석'),
	('2023-12-29', 36, '출석'),
	('2023-12-29', 37, '출석'),
	('2023-12-29', 38, '출석'),
	('2023-12-29', 39, '결석'),
	('2023-12-29', 40, '출석'),
	('2023-12-29', 41, '출석'),
	('2023-12-29', 42, '출석'),
	('2023-12-29', 43, '출석'),
	('2023-12-29', 44, '출석'),
	('2023-12-29', 45, '출석'),
	('2023-12-29', 46, '출석'),
	('2023-12-29', 47, '출석'),
	('2023-12-29', 48, '출석'),
	('2023-12-29', 49, '출석'),
	('2023-12-29', 50, '출석'),
	('2023-12-29', 51, '출석'),
	('2023-12-29', 52, '출석'),
	('2023-12-29', 53, '출석'),
	('2023-12-29', 54, '출석'),
	('2023-12-29', 55, '출석'),
	('2023-12-29', 56, '출석'),
	('2023-12-29', 57, '출석'),
	('2023-12-29', 58, '출석'),
	('2023-12-29', 59, '출석'),
	('2023-12-29', 60, '출석'),
	('2024-01-08', 1, '출석'),
	('2024-01-08', 2, '출석'),
	('2024-01-08', 3, '출석'),
	('2024-01-08', 4, '출석'),
	('2024-01-08', 5, '출석'),
	('2024-01-08', 6, '출석'),
	('2024-01-08', 7, '출석'),
	('2024-01-08', 8, '출석'),
	('2024-01-08', 9, '출석'),
	('2024-01-08', 10, '출석'),
	('2024-01-08', 11, '출석'),
	('2024-01-08', 12, '출석'),
	('2024-01-08', 13, '출석'),
	('2024-01-08', 14, '출석'),
	('2024-01-08', 15, '출석'),
	('2024-01-08', 16, '출석'),
	('2024-01-08', 17, '출석'),
	('2024-01-08', 18, '출석'),
	('2024-01-08', 19, '출석'),
	('2024-01-08', 20, '출석'),
	('2024-01-08', 21, '출석'),
	('2024-01-08', 22, '출석'),
	('2024-01-08', 23, '출석'),
	('2024-01-08', 24, '출석'),
	('2024-01-08', 25, '출석'),
	('2024-01-08', 26, '출석'),
	('2024-01-08', 27, '출석'),
	('2024-01-08', 28, '출석'),
	('2024-01-08', 29, '출석'),
	('2024-01-08', 30, '출석'),
	('2024-01-08', 31, '출석'),
	('2024-01-08', 32, '출석'),
	('2024-01-08', 33, '출석'),
	('2024-01-08', 34, '출석'),
	('2024-01-08', 35, '출석'),
	('2024-01-08', 36, '출석'),
	('2024-01-08', 37, '출석'),
	('2024-01-08', 38, '출석'),
	('2024-01-08', 39, '출석'),
	('2024-01-08', 40, '출석'),
	('2024-01-08', 41, '출석'),
	('2024-01-08', 42, '출석'),
	('2024-01-08', 43, '출석'),
	('2024-01-08', 44, '출석'),
	('2024-01-08', 45, '출석'),
	('2024-01-08', 46, '출석'),
	('2024-01-08', 47, '출석'),
	('2024-01-08', 48, '출석'),
	('2024-01-08', 49, '출석'),
	('2024-01-08', 50, '출석'),
	('2024-01-08', 51, '출석'),
	('2024-01-08', 52, '출석'),
	('2024-01-08', 53, '출석'),
	('2024-01-08', 54, '출석'),
	('2024-01-08', 55, '출석'),
	('2024-01-08', 56, '출석'),
	('2024-01-08', 57, '출석'),
	('2024-01-08', 58, '출석'),
	('2024-01-08', 59, '출석'),
	('2024-01-08', 60, '출석'),
	('2024-01-09', 1, '출석'),
	('2024-01-09', 2, '출석'),
	('2024-01-09', 3, '출석'),
	('2024-01-09', 4, '조퇴'),
	('2024-01-09', 5, '지각'),
	('2024-01-09', 6, '출석'),
	('2024-01-09', 7, '출석'),
	('2024-01-09', 8, '출석'),
	('2024-01-09', 9, '출석'),
	('2024-01-09', 10, '출석'),
	('2024-01-09', 11, '출석'),
	('2024-01-09', 12, '출석'),
	('2024-01-09', 13, '출석'),
	('2024-01-09', 14, '출석'),
	('2024-01-09', 15, '출석'),
	('2024-01-09', 16, '출석'),
	('2024-01-09', 17, '출석'),
	('2024-01-09', 18, '출석'),
	('2024-01-09', 19, '출석'),
	('2024-01-09', 20, '출석'),
	('2024-01-09', 21, '출석'),
	('2024-01-09', 22, '출석'),
	('2024-01-09', 23, '출석'),
	('2024-01-09', 24, '출석'),
	('2024-01-09', 25, '출석'),
	('2024-01-09', 26, '출석'),
	('2024-01-09', 27, '출석'),
	('2024-01-09', 28, '출석'),
	('2024-01-09', 29, '출석'),
	('2024-01-09', 30, '출석'),
	('2024-01-09', 31, '출석'),
	('2024-01-09', 32, '출석'),
	('2024-01-09', 33, '출석'),
	('2024-01-09', 34, '출석'),
	('2024-01-09', 35, '출석'),
	('2024-01-09', 36, '출석'),
	('2024-01-09', 37, '출석'),
	('2024-01-09', 38, '출석'),
	('2024-01-09', 39, '출석'),
	('2024-01-09', 40, '출석'),
	('2024-01-09', 41, '출석'),
	('2024-01-09', 42, '출석'),
	('2024-01-09', 43, '출석'),
	('2024-01-09', 44, '출석'),
	('2024-01-09', 45, '출석'),
	('2024-01-09', 46, '출석'),
	('2024-01-09', 47, '출석'),
	('2024-01-09', 48, '출석'),
	('2024-01-09', 49, '출석'),
	('2024-01-09', 50, '출석'),
	('2024-01-09', 51, '출석'),
	('2024-01-09', 52, '출석'),
	('2024-01-09', 53, '출석'),
	('2024-01-09', 54, '출석'),
	('2024-01-09', 55, '출석'),
	('2024-01-09', 56, '출석'),
	('2024-01-09', 57, '출석'),
	('2024-01-09', 58, '출석'),
	('2024-01-09', 59, '출석'),
	('2024-01-09', 60, '출석'),
	('2024-01-10', 1, '출석'),
	('2024-01-10', 2, '출석'),
	('2024-01-10', 3, '출석'),
	('2024-01-10', 4, '출석'),
	('2024-01-10', 5, '출석'),
	('2024-01-10', 6, '출석'),
	('2024-01-10', 7, '출석'),
	('2024-01-10', 8, '출석'),
	('2024-01-10', 9, '출석'),
	('2024-01-10', 10, '출석'),
	('2024-01-10', 11, '출석'),
	('2024-01-10', 12, '출석'),
	('2024-01-10', 13, '출석'),
	('2024-01-10', 14, '출석'),
	('2024-01-10', 15, '출석'),
	('2024-01-10', 16, '출석'),
	('2024-01-10', 17, '출석'),
	('2024-01-10', 18, '출석'),
	('2024-01-10', 19, '출석'),
	('2024-01-10', 20, '출석'),
	('2024-01-10', 21, '출석'),
	('2024-01-10', 22, '출석'),
	('2024-01-10', 23, '출석'),
	('2024-01-10', 24, '출석'),
	('2024-01-10', 25, '출석'),
	('2024-01-10', 26, '출석'),
	('2024-01-10', 27, '출석'),
	('2024-01-10', 28, '출석'),
	('2024-01-10', 29, '출석'),
	('2024-01-10', 30, '출석'),
	('2024-01-10', 31, '출석'),
	('2024-01-10', 32, '출석'),
	('2024-01-10', 33, '출석'),
	('2024-01-10', 34, '출석'),
	('2024-01-10', 35, '출석'),
	('2024-01-10', 36, '출석'),
	('2024-01-10', 37, '출석'),
	('2024-01-10', 38, '출석'),
	('2024-01-10', 39, '출석'),
	('2024-01-10', 40, '출석'),
	('2024-01-10', 41, '출석'),
	('2024-01-10', 42, '출석'),
	('2024-01-10', 43, '출석'),
	('2024-01-10', 44, '출석'),
	('2024-01-10', 45, '출석'),
	('2024-01-10', 46, '출석'),
	('2024-01-10', 47, '출석'),
	('2024-01-10', 48, '출석'),
	('2024-01-10', 49, '출석'),
	('2024-01-10', 50, '출석'),
	('2024-01-10', 51, '출석'),
	('2024-01-10', 52, '출석'),
	('2024-01-10', 53, '출석'),
	('2024-01-10', 54, '출석'),
	('2024-01-10', 55, '출석'),
	('2024-01-10', 56, '출석'),
	('2024-01-10', 57, '출석'),
	('2024-01-10', 58, '출석'),
	('2024-01-10', 59, '출석'),
	('2024-01-10', 60, '출석'),
	('2024-01-11', 1, '출석'),
	('2024-01-11', 2, '출석'),
	('2024-01-11', 3, '출석'),
	('2024-01-11', 4, '출석'),
	('2024-01-11', 5, '지각'),
	('2024-01-11', 6, '출석'),
	('2024-01-11', 7, '출석'),
	('2024-01-11', 8, '출석'),
	('2024-01-11', 9, '출석'),
	('2024-01-11', 10, '출석'),
	('2024-01-11', 11, '출석'),
	('2024-01-11', 12, '출석'),
	('2024-01-11', 13, '출석'),
	('2024-01-11', 14, '출석'),
	('2024-01-11', 15, '출석'),
	('2024-01-11', 16, '출석'),
	('2024-01-11', 17, '출석'),
	('2024-01-11', 18, '출석'),
	('2024-01-11', 19, '출석'),
	('2024-01-11', 20, '출석'),
	('2024-01-11', 21, '출석'),
	('2024-01-11', 22, '출석'),
	('2024-01-11', 23, '출석'),
	('2024-01-11', 24, '출석'),
	('2024-01-11', 25, '출석'),
	('2024-01-11', 26, '출석'),
	('2024-01-11', 27, '출석'),
	('2024-01-11', 28, '출석'),
	('2024-01-11', 29, '출석'),
	('2024-01-11', 30, '출석'),
	('2024-01-11', 31, '출석'),
	('2024-01-11', 32, '출석'),
	('2024-01-11', 33, '지각'),
	('2024-01-11', 34, '출석'),
	('2024-01-11', 35, '출석'),
	('2024-01-11', 36, '출석'),
	('2024-01-11', 37, '출석'),
	('2024-01-11', 38, '출석'),
	('2024-01-11', 39, '출석'),
	('2024-01-11', 40, '출석'),
	('2024-01-11', 41, '출석'),
	('2024-01-11', 42, '출석'),
	('2024-01-11', 43, '출석'),
	('2024-01-11', 44, '출석'),
	('2024-01-11', 45, '출석'),
	('2024-01-11', 46, '출석'),
	('2024-01-11', 47, '출석'),
	('2024-01-11', 48, '출석'),
	('2024-01-11', 49, '출석'),
	('2024-01-11', 50, '출석'),
	('2024-01-11', 51, '출석'),
	('2024-01-11', 52, '출석'),
	('2024-01-11', 53, '출석'),
	('2024-01-11', 54, '결석'),
	('2024-01-11', 55, '출석'),
	('2024-01-11', 56, '출석'),
	('2024-01-11', 57, '출석'),
	('2024-01-11', 58, '출석'),
	('2024-01-11', 59, '출석'),
	('2024-01-11', 60, '출석'),
	('2024-01-12', 1, '출석'),
	('2024-01-12', 2, '결석'),
	('2024-01-12', 3, '출석'),
	('2024-01-12', 4, '출석'),
	('2024-01-12', 5, '출석'),
	('2024-01-12', 6, '출석'),
	('2024-01-12', 7, '출석'),
	('2024-01-12', 8, '출석'),
	('2024-01-12', 9, '출석'),
	('2024-01-12', 10, '출석'),
	('2024-01-12', 11, '출석'),
	('2024-01-12', 12, '출석'),
	('2024-01-12', 13, '출석'),
	('2024-01-12', 14, '출석'),
	('2024-01-12', 15, '출석'),
	('2024-01-12', 16, '출석'),
	('2024-01-12', 17, '출석'),
	('2024-01-12', 18, '출석'),
	('2024-01-12', 19, '출석'),
	('2024-01-12', 20, '출석'),
	('2024-01-12', 21, '출석'),
	('2024-01-12', 22, '출석'),
	('2024-01-12', 23, '출석'),
	('2024-01-12', 24, '출석'),
	('2024-01-12', 25, '출석'),
	('2024-01-12', 26, '출석'),
	('2024-01-12', 27, '출석'),
	('2024-01-12', 28, '외출'),
	('2024-01-12', 29, '출석'),
	('2024-01-12', 30, '출석'),
	('2024-01-12', 31, '출석'),
	('2024-01-12', 32, '출석'),
	('2024-01-12', 33, '출석'),
	('2024-01-12', 34, '출석'),
	('2024-01-12', 35, '출석'),
	('2024-01-12', 36, '출석'),
	('2024-01-12', 37, '출석'),
	('2024-01-12', 38, '출석'),
	('2024-01-12', 39, '출석'),
	('2024-01-12', 40, '출석'),
	('2024-01-12', 41, '출석'),
	('2024-01-12', 42, '출석'),
	('2024-01-12', 43, '출석'),
	('2024-01-12', 44, '출석'),
	('2024-01-12', 45, '출석'),
	('2024-01-12', 46, '출석'),
	('2024-01-12', 47, '출석'),
	('2024-01-12', 48, '출석'),
	('2024-01-12', 49, '출석'),
	('2024-01-12', 50, '출석'),
	('2024-01-12', 51, '출석'),
	('2024-01-12', 52, '출석'),
	('2024-01-12', 53, '출석'),
	('2024-01-12', 54, '결석'),
	('2024-01-12', 55, '출석'),
	('2024-01-12', 56, '출석'),
	('2024-01-12', 57, '출석'),
	('2024-01-12', 58, '출석'),
	('2024-01-12', 59, '출석'),
	('2024-01-12', 60, '출석'),
	('2024-01-15', 1, '출석'),
	('2024-01-15', 2, '출석'),
	('2024-01-15', 3, '출석'),
	('2024-01-15', 4, '출석'),
	('2024-01-15', 5, '지각'),
	('2024-01-15', 6, '출석'),
	('2024-01-15', 7, '출석'),
	('2024-01-15', 8, '출석'),
	('2024-01-15', 9, '출석'),
	('2024-01-15', 10, '출석'),
	('2024-01-15', 11, '출석'),
	('2024-01-15', 12, '출석'),
	('2024-01-15', 13, '결석'),
	('2024-01-15', 14, '출석'),
	('2024-01-15', 15, '출석'),
	('2024-01-15', 16, '출석'),
	('2024-01-15', 17, '출석'),
	('2024-01-15', 18, '출석'),
	('2024-01-15', 19, '출석'),
	('2024-01-15', 20, '출석'),
	('2024-01-15', 21, '출석'),
	('2024-01-15', 22, '출석'),
	('2024-01-15', 23, '출석'),
	('2024-01-15', 24, '출석'),
	('2024-01-15', 25, '출석'),
	('2024-01-15', 26, '출석'),
	('2024-01-15', 27, '출석'),
	('2024-01-15', 28, '출석'),
	('2024-01-15', 29, '출석'),
	('2024-01-15', 30, '출석'),
	('2024-01-15', 31, '출석'),
	('2024-01-15', 32, '출석'),
	('2024-01-15', 33, '출석'),
	('2024-01-15', 34, '출석'),
	('2024-01-15', 35, '출석'),
	('2024-01-15', 36, '출석'),
	('2024-01-15', 37, '출석'),
	('2024-01-15', 38, '출석'),
	('2024-01-15', 39, '출석'),
	('2024-01-15', 40, '출석'),
	('2024-01-15', 41, '출석'),
	('2024-01-15', 42, '출석'),
	('2024-01-15', 43, '출석'),
	('2024-01-15', 44, '출석'),
	('2024-01-15', 45, '출석'),
	('2024-01-15', 46, '출석'),
	('2024-01-15', 47, '출석'),
	('2024-01-15', 48, '출석'),
	('2024-01-15', 49, '출석'),
	('2024-01-15', 50, '출석'),
	('2024-01-15', 51, '출석'),
	('2024-01-15', 52, '출석'),
	('2024-01-15', 53, '출석'),
	('2024-01-15', 54, '결석'),
	('2024-01-15', 55, '출석'),
	('2024-01-15', 56, '출석'),
	('2024-01-15', 57, '출석'),
	('2024-01-15', 58, '출석'),
	('2024-01-15', 59, '출석'),
	('2024-01-15', 60, '출석'),
	('2024-01-16', 1, '지각'),
	('2024-01-16', 2, '출석'),
	('2024-01-16', 3, '출석'),
	('2024-01-16', 4, '출석'),
	('2024-01-16', 5, '출석'),
	('2024-01-16', 6, '출석'),
	('2024-01-16', 7, '출석'),
	('2024-01-16', 8, '출석'),
	('2024-01-16', 9, '출석'),
	('2024-01-16', 10, '출석'),
	('2024-01-16', 11, '출석'),
	('2024-01-16', 12, '출석'),
	('2024-01-16', 13, '출석'),
	('2024-01-16', 14, '출석'),
	('2024-01-16', 15, '출석'),
	('2024-01-16', 16, '출석'),
	('2024-01-16', 17, '출석'),
	('2024-01-16', 18, '출석'),
	('2024-01-16', 19, '출석'),
	('2024-01-16', 20, '출석'),
	('2024-01-16', 21, '출석'),
	('2024-01-16', 22, '출석'),
	('2024-01-16', 23, '출석'),
	('2024-01-16', 24, '출석'),
	('2024-01-16', 25, '출석'),
	('2024-01-16', 26, '출석'),
	('2024-01-16', 27, '출석'),
	('2024-01-16', 28, '출석'),
	('2024-01-16', 29, '출석'),
	('2024-01-16', 30, '출석'),
	('2024-01-16', 31, '지각'),
	('2024-01-16', 32, '지각'),
	('2024-01-16', 33, '지각'),
	('2024-01-16', 34, '지각'),
	('2024-01-16', 35, '지각'),
	('2024-01-16', 36, '지각'),
	('2024-01-16', 37, '지각'),
	('2024-01-16', 38, '지각'),
	('2024-01-16', 39, '출석'),
	('2024-01-16', 40, '지각'),
	('2024-01-16', 41, '지각'),
	('2024-01-16', 42, '지각'),
	('2024-01-16', 43, '지각'),
	('2024-01-16', 44, '지각'),
	('2024-01-16', 45, '지각'),
	('2024-01-16', 46, '지각'),
	('2024-01-16', 47, '지각'),
	('2024-01-16', 48, '지각'),
	('2024-01-16', 49, '지각'),
	('2024-01-16', 50, '지각'),
	('2024-01-16', 51, '지각'),
	('2024-01-16', 52, '지각'),
	('2024-01-16', 53, '지각'),
	('2024-01-16', 54, '지각'),
	('2024-01-16', 55, '지각'),
	('2024-01-16', 56, '지각'),
	('2024-01-16', 57, '지각'),
	('2024-01-16', 58, '지각'),
	('2024-01-16', 59, '지각'),
	('2024-01-16', 60, '지각'),
	('2024-01-17', 1, '출석'),
	('2024-01-17', 2, '출석'),
	('2024-01-17', 3, '출석'),
	('2024-01-17', 4, '출석'),
	('2024-01-17', 5, '지각'),
	('2024-01-17', 6, '출석'),
	('2024-01-17', 7, '출석'),
	('2024-01-17', 8, '외출'),
	('2024-01-17', 9, '출석'),
	('2024-01-17', 10, '결석'),
	('2024-01-17', 11, '출석'),
	('2024-01-17', 12, '출석'),
	('2024-01-17', 13, '출석'),
	('2024-01-17', 14, '출석'),
	('2024-01-17', 15, '출석'),
	('2024-01-17', 16, '외출'),
	('2024-01-17', 17, '출석'),
	('2024-01-17', 18, '출석'),
	('2024-01-17', 19, '출석'),
	('2024-01-17', 20, '출석'),
	('2024-01-17', 21, '출석'),
	('2024-01-17', 22, '출석'),
	('2024-01-17', 23, '출석'),
	('2024-01-17', 24, '출석'),
	('2024-01-17', 25, '출석'),
	('2024-01-17', 26, '출석'),
	('2024-01-17', 27, '출석'),
	('2024-01-17', 28, '출석'),
	('2024-01-17', 29, '결석'),
	('2024-01-17', 30, '출석'),
	('2024-01-17', 31, '출석'),
	('2024-01-17', 32, '출석'),
	('2024-01-17', 33, '출석'),
	('2024-01-17', 34, '출석'),
	('2024-01-17', 35, '출석'),
	('2024-01-17', 36, '출석'),
	('2024-01-17', 37, '출석'),
	('2024-01-17', 38, '출석'),
	('2024-01-17', 39, '출석'),
	('2024-01-17', 40, '출석'),
	('2024-01-17', 41, '출석'),
	('2024-01-17', 42, '출석'),
	('2024-01-17', 43, '출석'),
	('2024-01-17', 44, '출석'),
	('2024-01-17', 45, '출석'),
	('2024-01-17', 46, '출석'),
	('2024-01-17', 47, '출석'),
	('2024-01-17', 48, '출석'),
	('2024-01-17', 49, '출석'),
	('2024-01-17', 50, '출석'),
	('2024-01-17', 51, '출석'),
	('2024-01-17', 52, '출석'),
	('2024-01-17', 53, '출석'),
	('2024-01-17', 54, '결석'),
	('2024-01-17', 55, '출석'),
	('2024-01-17', 56, '출석'),
	('2024-01-17', 57, '출석'),
	('2024-01-17', 58, '출석'),
	('2024-01-17', 59, '출석'),
	('2024-01-17', 60, '출석'),
	('2024-01-18', 1, '출석'),
	('2024-01-18', 2, '지각'),
	('2024-01-18', 3, '출석'),
	('2024-01-18', 4, '출석'),
	('2024-01-18', 5, '출석'),
	('2024-01-18', 6, '출석'),
	('2024-01-18', 7, '출석'),
	('2024-01-18', 8, '출석'),
	('2024-01-18', 9, '출석'),
	('2024-01-18', 10, '출석'),
	('2024-01-18', 11, '출석'),
	('2024-01-18', 12, '지각'),
	('2024-01-18', 13, '외출'),
	('2024-01-18', 14, '출석'),
	('2024-01-18', 15, '지각'),
	('2024-01-18', 16, '출석'),
	('2024-01-18', 17, '출석'),
	('2024-01-18', 18, '출석'),
	('2024-01-18', 19, '출석'),
	('2024-01-18', 20, '출석'),
	('2024-01-18', 21, '지각'),
	('2024-01-18', 22, '출석'),
	('2024-01-18', 23, '출석'),
	('2024-01-18', 24, '출석'),
	('2024-01-18', 25, '출석'),
	('2024-01-18', 26, '출석'),
	('2024-01-18', 27, '출석'),
	('2024-01-18', 28, '출석'),
	('2024-01-18', 29, '출석'),
	('2024-01-18', 30, '출석'),
	('2024-01-18', 31, '출석'),
	('2024-01-18', 32, '출석'),
	('2024-01-18', 33, '출석'),
	('2024-01-18', 34, '출석'),
	('2024-01-18', 35, '출석'),
	('2024-01-18', 36, '출석'),
	('2024-01-18', 37, '출석'),
	('2024-01-18', 38, '출석'),
	('2024-01-18', 39, '출석'),
	('2024-01-18', 40, '출석'),
	('2024-01-18', 41, '출석'),
	('2024-01-18', 42, '출석'),
	('2024-01-18', 43, '출석'),
	('2024-01-18', 44, '출석'),
	('2024-01-18', 45, '출석'),
	('2024-01-18', 46, '출석'),
	('2024-01-18', 47, '출석'),
	('2024-01-18', 48, '출석'),
	('2024-01-18', 49, '출석'),
	('2024-01-18', 50, '출석'),
	('2024-01-18', 51, '출석'),
	('2024-01-18', 52, '출석'),
	('2024-01-18', 53, '출석'),
	('2024-01-18', 54, '출석'),
	('2024-01-18', 55, '출석'),
	('2024-01-18', 56, '출석'),
	('2024-01-18', 57, '출석'),
	('2024-01-18', 58, '출석'),
	('2024-01-18', 59, '출석'),
	('2024-01-18', 60, '출석'),
	('2024-01-19', 1, '출석'),
	('2024-01-19', 2, '출석'),
	('2024-01-19', 3, '출석'),
	('2024-01-19', 4, '출석'),
	('2024-01-19', 5, '지각'),
	('2024-01-19', 6, '출석'),
	('2024-01-19', 7, '출석'),
	('2024-01-19', 8, '출석'),
	('2024-01-19', 9, '출석'),
	('2024-01-19', 10, '조퇴'),
	('2024-01-19', 11, '지각'),
	('2024-01-19', 12, '출석'),
	('2024-01-19', 13, '출석'),
	('2024-01-19', 14, '출석'),
	('2024-01-19', 15, '출석'),
	('2024-01-19', 16, '지각'),
	('2024-01-19', 17, '출석'),
	('2024-01-19', 18, '출석'),
	('2024-01-19', 19, '출석'),
	('2024-01-19', 20, '출석'),
	('2024-01-19', 21, '출석'),
	('2024-01-19', 22, '출석'),
	('2024-01-19', 23, '출석'),
	('2024-01-19', 24, '출석'),
	('2024-01-19', 25, '출석'),
	('2024-01-19', 26, '출석'),
	('2024-01-19', 27, '출석'),
	('2024-01-19', 28, '출석'),
	('2024-01-19', 29, '출석'),
	('2024-01-19', 30, '출석'),
	('2024-01-19', 31, '출석'),
	('2024-01-19', 32, '출석'),
	('2024-01-19', 33, '출석'),
	('2024-01-19', 34, '출석'),
	('2024-01-19', 35, '출석'),
	('2024-01-19', 36, '출석'),
	('2024-01-19', 37, '출석'),
	('2024-01-19', 38, '출석'),
	('2024-01-19', 39, '출석'),
	('2024-01-19', 40, '출석'),
	('2024-01-19', 41, '출석'),
	('2024-01-19', 42, '출석'),
	('2024-01-19', 43, '출석'),
	('2024-01-19', 44, '출석'),
	('2024-01-19', 45, '출석'),
	('2024-01-19', 46, '출석'),
	('2024-01-19', 47, '출석'),
	('2024-01-19', 48, '출석'),
	('2024-01-19', 49, '출석'),
	('2024-01-19', 50, '출석'),
	('2024-01-19', 51, '출석'),
	('2024-01-19', 52, '출석'),
	('2024-01-19', 53, '출석'),
	('2024-01-19', 54, '결석'),
	('2024-01-19', 55, '출석'),
	('2024-01-19', 56, '출석'),
	('2024-01-19', 57, '출석'),
	('2024-01-19', 58, '출석'),
	('2024-01-19', 59, '출석'),
	('2024-01-19', 60, '출석'),
	('2024-01-22', 1, '출석'),
	('2024-01-22', 2, '출석'),
	('2024-01-22', 3, '출석'),
	('2024-01-22', 4, '출석'),
	('2024-01-22', 5, '출석'),
	('2024-01-22', 6, '출석'),
	('2024-01-22', 7, '출석'),
	('2024-01-22', 8, '지각'),
	('2024-01-22', 9, '출석'),
	('2024-01-22', 10, '출석'),
	('2024-01-22', 11, '출석'),
	('2024-01-22', 12, '출석'),
	('2024-01-22', 13, '출석'),
	('2024-01-22', 14, '출석'),
	('2024-01-22', 15, '출석'),
	('2024-01-22', 16, '출석'),
	('2024-01-22', 17, '출석'),
	('2024-01-22', 18, '출석'),
	('2024-01-22', 19, '출석'),
	('2024-01-22', 20, '출석'),
	('2024-01-22', 21, '출석'),
	('2024-01-22', 22, '출석'),
	('2024-01-22', 23, '출석'),
	('2024-01-22', 24, '출석'),
	('2024-01-22', 25, '출석'),
	('2024-01-22', 26, '출석'),
	('2024-01-22', 27, '출석'),
	('2024-01-22', 28, '출석'),
	('2024-01-22', 29, '출석'),
	('2024-01-22', 30, '외출'),
	('2024-01-22', 31, '출석'),
	('2024-01-22', 32, '결석'),
	('2024-01-22', 33, '외출'),
	('2024-01-22', 34, '출석'),
	('2024-01-22', 35, '출석'),
	('2024-01-22', 36, '출석'),
	('2024-01-22', 37, '출석'),
	('2024-01-22', 38, '출석'),
	('2024-01-22', 39, '출석'),
	('2024-01-22', 40, '출석'),
	('2024-01-22', 41, '출석'),
	('2024-01-22', 42, '출석'),
	('2024-01-22', 43, '출석'),
	('2024-01-22', 44, '출석'),
	('2024-01-22', 45, '출석'),
	('2024-01-22', 46, '출석'),
	('2024-01-22', 47, '출석'),
	('2024-01-22', 48, '출석'),
	('2024-01-22', 49, '출석'),
	('2024-01-22', 50, '출석'),
	('2024-01-22', 51, '지각'),
	('2024-01-22', 52, '출석'),
	('2024-01-22', 53, '출석'),
	('2024-01-22', 54, '결석'),
	('2024-01-22', 55, '출석'),
	('2024-01-22', 56, '출석'),
	('2024-01-22', 57, '출석'),
	('2024-01-22', 58, '출석'),
	('2024-01-22', 59, '출석'),
	('2024-01-22', 60, '출석'),
	('2024-01-23', 1, '출석'),
	('2024-01-23', 2, '출석'),
	('2024-01-23', 3, '출석'),
	('2024-01-23', 4, '출석'),
	('2024-01-23', 5, '지각'),
	('2024-01-23', 6, '출석'),
	('2024-01-23', 7, '출석'),
	('2024-01-23', 8, '출석'),
	('2024-01-23', 9, '출석'),
	('2024-01-23', 10, '출석'),
	('2024-01-23', 11, '출석'),
	('2024-01-23', 12, '출석'),
	('2024-01-23', 13, '출석'),
	('2024-01-23', 14, '출석'),
	('2024-01-23', 15, '출석'),
	('2024-01-23', 16, '출석'),
	('2024-01-23', 17, '출석'),
	('2024-01-23', 18, '출석'),
	('2024-01-23', 19, '출석'),
	('2024-01-23', 20, '출석'),
	('2024-01-23', 21, '출석'),
	('2024-01-23', 22, '출석'),
	('2024-01-23', 23, '출석'),
	('2024-01-23', 24, '출석'),
	('2024-01-23', 25, '외출'),
	('2024-01-23', 26, '출석'),
	('2024-01-23', 27, '출석'),
	('2024-01-23', 28, '출석'),
	('2024-01-23', 29, '출석'),
	('2024-01-23', 30, '출석'),
	('2024-01-23', 31, '출석'),
	('2024-01-23', 32, '출석'),
	('2024-01-23', 33, '출석'),
	('2024-01-23', 34, '출석'),
	('2024-01-23', 35, '출석'),
	('2024-01-23', 36, '출석'),
	('2024-01-23', 37, '지각'),
	('2024-01-23', 38, '출석'),
	('2024-01-23', 39, '출석'),
	('2024-01-23', 40, '출석'),
	('2024-01-23', 41, '출석'),
	('2024-01-23', 42, '출석'),
	('2024-01-23', 43, '출석'),
	('2024-01-23', 44, '출석'),
	('2024-01-23', 45, '출석'),
	('2024-01-23', 46, '출석'),
	('2024-01-23', 47, '출석'),
	('2024-01-23', 48, '출석'),
	('2024-01-23', 49, '출석'),
	('2024-01-23', 50, '출석'),
	('2024-01-23', 51, '출석'),
	('2024-01-23', 52, '출석'),
	('2024-01-23', 53, '출석'),
	('2024-01-23', 54, '출석'),
	('2024-01-23', 55, '출석'),
	('2024-01-23', 56, '출석'),
	('2024-01-23', 57, '출석'),
	('2024-01-23', 58, '출석'),
	('2024-01-23', 59, '출석'),
	('2024-01-23', 60, '출석'),
	('2024-01-24', 1, '출석'),
	('2024-01-24', 2, '출석'),
	('2024-01-24', 3, '출석'),
	('2024-01-24', 4, '출석'),
	('2024-01-24', 5, '출석'),
	('2024-01-24', 6, '출석'),
	('2024-01-24', 7, '출석'),
	('2024-01-24', 8, '출석'),
	('2024-01-24', 9, '출석'),
	('2024-01-24', 10, '출석'),
	('2024-01-24', 11, '출석'),
	('2024-01-24', 12, '출석'),
	('2024-01-24', 13, '출석'),
	('2024-01-24', 14, '출석'),
	('2024-01-24', 15, '출석'),
	('2024-01-24', 16, '출석'),
	('2024-01-24', 17, '출석'),
	('2024-01-24', 18, '출석'),
	('2024-01-24', 19, '출석'),
	('2024-01-24', 20, '출석'),
	('2024-01-24', 21, '출석'),
	('2024-01-24', 22, '출석'),
	('2024-01-24', 23, '출석'),
	('2024-01-24', 24, '출석'),
	('2024-01-24', 25, '출석'),
	('2024-01-24', 26, '출석'),
	('2024-01-24', 27, '출석'),
	('2024-01-24', 28, '출석'),
	('2024-01-24', 29, '출석'),
	('2024-01-24', 30, '결석'),
	('2024-01-24', 31, '결석'),
	('2024-01-24', 32, '출석'),
	('2024-01-24', 33, '출석'),
	('2024-01-24', 34, '출석'),
	('2024-01-24', 35, '출석'),
	('2024-01-24', 36, '출석'),
	('2024-01-24', 37, '출석'),
	('2024-01-24', 38, '출석'),
	('2024-01-24', 39, '출석'),
	('2024-01-24', 40, '출석'),
	('2024-01-24', 41, '출석'),
	('2024-01-24', 42, '출석'),
	('2024-01-24', 43, '출석'),
	('2024-01-24', 44, '출석'),
	('2024-01-24', 45, '출석'),
	('2024-01-24', 46, '출석'),
	('2024-01-24', 47, '출석'),
	('2024-01-24', 48, '출석'),
	('2024-01-24', 49, '출석'),
	('2024-01-24', 50, '출석'),
	('2024-01-24', 51, '출석'),
	('2024-01-24', 52, '출석'),
	('2024-01-24', 53, '출석'),
	('2024-01-24', 54, '출석'),
	('2024-01-24', 55, '출석'),
	('2024-01-24', 56, '출석'),
	('2024-01-24', 57, '출석'),
	('2024-01-24', 58, '출석'),
	('2024-01-24', 59, '출석'),
	('2024-01-24', 60, '출석'),
	('2024-01-25', 1, '출석'),
	('2024-01-25', 2, '출석'),
	('2024-01-25', 3, '출석'),
	('2024-01-25', 4, '출석'),
	('2024-01-25', 5, '지각'),
	('2024-01-25', 6, '출석'),
	('2024-01-25', 7, '출석'),
	('2024-01-25', 8, '출석'),
	('2024-01-25', 9, '출석'),
	('2024-01-25', 10, '출석'),
	('2024-01-25', 11, '출석'),
	('2024-01-25', 12, '출석'),
	('2024-01-25', 13, '출석'),
	('2024-01-25', 14, '지각'),
	('2024-01-25', 15, '외출'),
	('2024-01-25', 16, '출석'),
	('2024-01-25', 17, '출석'),
	('2024-01-25', 18, '출석'),
	('2024-01-25', 19, '결석'),
	('2024-01-25', 20, '출석'),
	('2024-01-25', 21, '출석'),
	('2024-01-25', 22, '출석'),
	('2024-01-25', 23, '출석'),
	('2024-01-25', 24, '출석'),
	('2024-01-25', 25, '출석'),
	('2024-01-25', 26, '출석'),
	('2024-01-25', 27, '출석'),
	('2024-01-25', 28, '출석'),
	('2024-01-25', 29, '지각'),
	('2024-01-25', 30, '출석'),
	('2024-01-25', 31, '출석'),
	('2024-01-25', 32, '출석'),
	('2024-01-25', 33, '출석'),
	('2024-01-25', 34, '출석'),
	('2024-01-25', 35, '출석'),
	('2024-01-25', 36, '출석'),
	('2024-01-25', 37, '출석'),
	('2024-01-25', 38, '출석'),
	('2024-01-25', 39, '출석'),
	('2024-01-25', 40, '출석'),
	('2024-01-25', 41, '출석'),
	('2024-01-25', 42, '출석'),
	('2024-01-25', 43, '출석'),
	('2024-01-25', 44, '출석'),
	('2024-01-25', 45, '출석'),
	('2024-01-25', 46, '출석'),
	('2024-01-25', 47, '출석'),
	('2024-01-25', 48, '출석'),
	('2024-01-25', 49, '출석'),
	('2024-01-25', 50, '출석'),
	('2024-01-25', 51, '출석'),
	('2024-01-25', 52, '출석'),
	('2024-01-25', 53, '출석'),
	('2024-01-25', 54, '출석'),
	('2024-01-25', 55, '출석'),
	('2024-01-25', 56, '출석'),
	('2024-01-25', 57, '출석'),
	('2024-01-25', 58, '출석'),
	('2024-01-25', 59, '출석'),
	('2024-01-25', 60, '출석');

-- 테이블 dbdbdeep.score 구조 내보내기
CREATE TABLE IF NOT EXISTS `score` (
  `std_id` int(11) NOT NULL,
  `sub_id` int(11) NOT NULL,
  `test_score` int(11) NOT NULL DEFAULT 0,
  `test_date` date NOT NULL,
  PRIMARY KEY (`std_id`,`sub_id`),
  KEY `FK_Subject_TO_Score_1` (`sub_id`),
  CONSTRAINT `FK_Student_TO_Score_1` FOREIGN KEY (`std_id`) REFERENCES `student` (`std_id`),
  CONSTRAINT `FK_Subject_TO_Score_1` FOREIGN KEY (`sub_id`) REFERENCES `subject` (`sub_id`)
) ENGINE=InnoDB DEFAULT CHARSET=utf8mb3 COLLATE=utf8mb3_general_ci;

-- 테이블 데이터 dbdbdeep.score:~270 rows (대략적) 내보내기
INSERT INTO `score` (`std_id`, `sub_id`, `test_score`, `test_date`) VALUES
	(1, 1, 26, '2023-11-10'),
	(1, 2, 5, '2023-11-30'),
	(1, 3, 30, '2023-12-13'),
	(1, 4, 20, '2023-12-29'),
	(1, 5, 67, '2024-01-22'),
	(2, 1, 85, '2023-11-10'),
	(2, 2, 32, '2023-11-30'),
	(2, 3, 14, '2023-12-13'),
	(2, 4, 51, '2023-12-29'),
	(2, 5, 38, '2024-01-22'),
	(3, 1, 10, '2023-11-10'),
	(3, 2, 41, '2023-11-30'),
	(3, 3, 49, '2023-12-13'),
	(3, 4, 43, '2023-12-29'),
	(3, 5, 83, '2024-01-22'),
	(4, 1, 93, '2023-11-10'),
	(4, 2, 65, '2023-11-30'),
	(4, 3, 0, '2023-12-13'),
	(4, 4, 15, '2023-12-29'),
	(4, 5, 0, '2024-01-22'),
	(5, 1, 33, '2023-11-10'),
	(5, 2, 60, '2023-11-30'),
	(5, 3, 69, '2023-12-13'),
	(5, 4, 49, '2023-12-29'),
	(5, 5, 3, '2024-01-22'),
	(6, 1, 11, '2023-11-10'),
	(6, 2, 87, '2023-11-30'),
	(6, 3, 83, '2023-12-13'),
	(6, 4, 71, '2023-12-29'),
	(6, 5, 76, '2024-01-22'),
	(7, 1, 8, '2023-11-10'),
	(7, 2, 62, '2023-11-30'),
	(7, 3, 5, '2023-12-13'),
	(7, 4, 87, '2023-12-29'),
	(7, 5, 87, '2024-01-22'),
	(8, 1, 89, '2023-11-10'),
	(8, 2, 35, '2023-11-30'),
	(8, 3, 92, '2023-12-13'),
	(8, 4, 46, '2023-12-29'),
	(8, 5, 90, '2024-01-22'),
	(9, 1, 39, '2023-11-10'),
	(9, 2, 89, '2023-11-30'),
	(9, 3, 91, '2023-12-13'),
	(9, 4, 38, '2023-12-29'),
	(9, 5, 15, '2024-01-22'),
	(10, 1, 19, '2023-11-10'),
	(10, 2, 11, '2023-11-30'),
	(10, 3, 68, '2023-12-13'),
	(10, 4, 4, '2023-12-29'),
	(10, 5, 39, '2024-01-22'),
	(11, 1, 77, '2023-11-10'),
	(11, 2, 57, '2023-11-30'),
	(11, 3, 84, '2023-12-13'),
	(11, 4, 37, '2023-12-29'),
	(11, 5, 51, '2024-01-22'),
	(12, 1, 49, '2023-11-10'),
	(12, 2, 83, '2023-11-30'),
	(12, 3, 71, '2023-12-13'),
	(12, 4, 65, '2023-12-29'),
	(12, 5, 63, '2024-01-22'),
	(13, 1, 97, '2023-11-10'),
	(13, 2, 8, '2023-11-30'),
	(13, 3, 59, '2023-12-13'),
	(13, 4, 23, '2023-12-29'),
	(13, 5, 84, '2024-01-22'),
	(14, 1, 59, '2023-11-10'),
	(14, 2, 20, '2023-11-30'),
	(14, 3, 99, '2023-12-13'),
	(14, 4, 96, '2023-12-29'),
	(14, 5, 13, '2024-01-22'),
	(15, 1, 4, '2023-11-10'),
	(15, 2, 92, '2023-11-30'),
	(15, 3, 41, '2023-12-13'),
	(15, 4, 55, '2023-12-29'),
	(15, 5, 26, '2024-01-22'),
	(16, 1, 42, '2023-11-10'),
	(16, 2, 29, '2023-11-30'),
	(16, 3, 92, '2023-12-13'),
	(16, 4, 46, '2023-12-29'),
	(16, 5, 18, '2024-01-22'),
	(17, 1, 56, '2023-11-10'),
	(17, 2, 66, '2023-11-30'),
	(17, 3, 70, '2023-12-13'),
	(17, 4, 25, '2023-12-29'),
	(17, 5, 54, '2024-01-22'),
	(18, 1, 31, '2023-11-10'),
	(18, 2, 84, '2023-11-30'),
	(18, 3, 68, '2023-12-13'),
	(18, 4, 48, '2023-12-29'),
	(18, 5, 53, '2024-01-22'),
	(19, 1, 5, '2023-11-10'),
	(19, 2, 67, '2023-11-30'),
	(19, 3, 1, '2023-12-13'),
	(19, 4, 78, '2023-12-29'),
	(19, 5, 58, '2024-01-22'),
	(20, 1, 24, '2023-11-10'),
	(20, 2, 81, '2023-11-30'),
	(20, 3, 55, '2023-12-13'),
	(20, 4, 15, '2023-12-29'),
	(20, 5, 95, '2024-01-22'),
	(21, 1, 53, '2023-11-10'),
	(21, 2, 30, '2023-11-30'),
	(21, 3, 75, '2023-12-13'),
	(21, 4, 45, '2023-12-29'),
	(21, 5, 63, '2024-01-22'),
	(22, 1, 62, '2023-11-10'),
	(22, 2, 95, '2023-11-30'),
	(22, 3, 96, '2023-12-13'),
	(22, 4, 29, '2023-12-29'),
	(22, 5, 84, '2024-01-22'),
	(23, 1, 5, '2023-11-10'),
	(23, 2, 52, '2023-11-30'),
	(23, 3, 73, '2023-12-13'),
	(23, 4, 34, '2023-12-29'),
	(23, 5, 18, '2024-01-22'),
	(24, 1, 31, '2023-11-10'),
	(24, 2, 71, '2023-11-30'),
	(24, 3, 81, '2023-12-13'),
	(24, 4, 87, '2023-12-29'),
	(24, 5, 76, '2024-01-22'),
	(25, 1, 66, '2023-11-10'),
	(25, 2, 98, '2023-11-30'),
	(25, 3, 31, '2023-12-13'),
	(25, 4, 85, '2023-12-29'),
	(25, 5, 50, '2024-01-22'),
	(26, 1, 9, '2023-11-10'),
	(26, 2, 90, '2023-11-30'),
	(26, 3, 23, '2023-12-13'),
	(26, 4, 30, '2023-12-29'),
	(26, 5, 72, '2024-01-22'),
	(27, 1, 50, '2023-11-10'),
	(27, 2, 69, '2023-11-30'),
	(27, 3, 54, '2023-12-13'),
	(27, 4, 64, '2023-12-29'),
	(27, 5, 81, '2024-01-22'),
	(28, 1, 5, '2023-11-10'),
	(28, 2, 52, '2023-11-30'),
	(28, 3, 47, '2023-12-13'),
	(28, 4, 34, '2023-12-29'),
	(28, 5, 74, '2024-01-22'),
	(29, 1, 25, '2023-11-10'),
	(29, 2, 21, '2023-11-30'),
	(29, 3, 79, '2023-12-13'),
	(29, 4, 22, '2023-12-29'),
	(29, 5, 100, '2024-01-22'),
	(30, 1, 88, '2023-11-10'),
	(30, 2, 30, '2023-11-30'),
	(30, 3, 72, '2023-12-13'),
	(30, 4, 11, '2023-12-29'),
	(30, 5, 50, '2024-01-22'),
	(31, 1, 34, '2023-12-15'),
	(31, 2, 83, '2023-12-29'),
	(31, 3, 5, '2024-01-12'),
	(31, 4, 26, '2024-01-25'),
	(32, 1, 42, '2023-12-15'),
	(32, 2, 15, '2023-12-29'),
	(32, 3, 17, '2024-01-12'),
	(32, 4, 72, '2024-01-25'),
	(33, 1, 100, '2023-12-15'),
	(33, 2, 87, '2023-12-29'),
	(33, 3, 49, '2024-01-12'),
	(33, 4, 80, '2024-01-25'),
	(34, 1, 89, '2023-12-15'),
	(34, 2, 39, '2023-12-29'),
	(34, 3, 11, '2024-01-12'),
	(34, 4, 92, '2024-01-25'),
	(35, 1, 52, '2023-12-15'),
	(35, 2, 24, '2023-12-29'),
	(35, 3, 65, '2024-01-12'),
	(35, 4, 54, '2024-01-25'),
	(36, 1, 3, '2023-12-15'),
	(36, 2, 41, '2023-12-29'),
	(36, 3, 5, '2024-01-12'),
	(36, 4, 94, '2024-01-25'),
	(37, 1, 75, '2023-12-15'),
	(37, 2, 37, '2023-12-29'),
	(37, 3, 58, '2024-01-12'),
	(37, 4, 29, '2024-01-25'),
	(38, 1, 56, '2023-12-15'),
	(38, 2, 30, '2023-12-29'),
	(38, 3, 79, '2024-01-12'),
	(38, 4, 5, '2024-01-25'),
	(39, 1, 59, '2023-12-15'),
	(39, 2, 56, '2023-12-29'),
	(39, 3, 14, '2024-01-12'),
	(39, 4, 95, '2024-01-25'),
	(40, 1, 46, '2023-12-15'),
	(40, 2, 9, '2023-12-29'),
	(40, 3, 54, '2024-01-12'),
	(40, 4, 78, '2024-01-25'),
	(41, 1, 26, '2023-12-15'),
	(41, 2, 12, '2023-12-29'),
	(41, 3, 34, '2024-01-12'),
	(41, 4, 68, '2024-01-25'),
	(42, 1, 25, '2023-12-15'),
	(42, 2, 5, '2023-12-29'),
	(42, 3, 28, '2024-01-12'),
	(42, 4, 8, '2024-01-25'),
	(43, 1, 12, '2023-12-15'),
	(43, 2, 16, '2023-12-29'),
	(43, 3, 13, '2024-01-12'),
	(43, 4, 25, '2024-01-25'),
	(44, 1, 26, '2023-12-15'),
	(44, 2, 74, '2023-12-29'),
	(44, 3, 92, '2024-01-12'),
	(44, 4, 33, '2024-01-25'),
	(45, 1, 63, '2023-12-15'),
	(45, 2, 67, '2023-12-29'),
	(45, 3, 89, '2024-01-12'),
	(45, 4, 92, '2024-01-25'),
	(46, 1, 41, '2023-12-15'),
	(46, 2, 36, '2023-12-29'),
	(46, 3, 26, '2024-01-12'),
	(46, 4, 15, '2024-01-25'),
	(47, 1, 21, '2023-12-15'),
	(47, 2, 51, '2023-12-29'),
	(47, 3, 49, '2024-01-12'),
	(47, 4, 32, '2024-01-25'),
	(48, 1, 41, '2023-12-15'),
	(48, 2, 58, '2023-12-29'),
	(48, 3, 60, '2024-01-12'),
	(48, 4, 100, '2024-01-25'),
	(49, 1, 24, '2023-12-15'),
	(49, 2, 82, '2023-12-29'),
	(49, 3, 17, '2024-01-12'),
	(49, 4, 12, '2024-01-25'),
	(50, 1, 83, '2023-12-15'),
	(50, 2, 57, '2023-12-29'),
	(50, 3, 85, '2024-01-12'),
	(50, 4, 57, '2024-01-25'),
	(51, 1, 52, '2023-12-15'),
	(51, 2, 8, '2023-12-29'),
	(51, 3, 15, '2024-01-12'),
	(51, 4, 39, '2024-01-25'),
	(52, 1, 89, '2023-12-15'),
	(52, 2, 97, '2023-12-29'),
	(52, 3, 100, '2024-01-12'),
	(52, 4, 87, '2024-01-25'),
	(53, 1, 91, '2023-12-15'),
	(53, 2, 1, '2023-12-29'),
	(53, 3, 52, '2024-01-12'),
	(53, 4, 50, '2024-01-25'),
	(54, 1, 57, '2023-12-15'),
	(54, 2, 94, '2023-12-29'),
	(54, 3, 75, '2024-01-12'),
	(54, 4, 54, '2024-01-25'),
	(55, 1, 43, '2023-12-15'),
	(55, 2, 7, '2023-12-29'),
	(55, 3, 69, '2024-01-12'),
	(55, 4, 82, '2024-01-25'),
	(56, 1, 68, '2023-12-15'),
	(56, 2, 65, '2023-12-29'),
	(56, 3, 97, '2024-01-12'),
	(56, 4, 80, '2024-01-25'),
	(57, 1, 96, '2023-12-15'),
	(57, 2, 77, '2023-12-29'),
	(57, 3, 19, '2024-01-12'),
	(57, 4, 35, '2024-01-25'),
	(58, 1, 25, '2023-12-15'),
	(58, 2, 17, '2023-12-29'),
	(58, 3, 71, '2024-01-12'),
	(58, 4, 49, '2024-01-25'),
	(59, 1, 36, '2023-12-15'),
	(59, 2, 3, '2023-12-29'),
	(59, 3, 38, '2024-01-12'),
	(59, 4, 11, '2024-01-25'),
	(60, 1, 33, '2023-12-15'),
	(60, 2, 38, '2023-12-29'),
	(60, 3, 23, '2024-01-12'),
	(60, 4, 27, '2024-01-25');

-- 테이블 dbdbdeep.student 구조 내보내기
CREATE TABLE IF NOT EXISTS `student` (
  `std_id` int(11) NOT NULL,
  `std_name` varchar(20) NOT NULL,
  `std_phone` varchar(20) NOT NULL,
  `std_mail` varchar(50) NOT NULL,
  `gen_id` int(11) NOT NULL,
  `mt_id` int(11) NOT NULL,
  `std_vol` enum('y','n') NOT NULL DEFAULT 'n',
  PRIMARY KEY (`std_id`),
  KEY `FK_Gen_TO_Student` (`gen_id`),
  KEY `FK_Mentor_TO_Student` (`mt_id`),
  CONSTRAINT `FK_Gen_TO_Student` FOREIGN KEY (`gen_id`) REFERENCES `gen` (`gen_id`),
  CONSTRAINT `FK_Mentor_TO_Student` FOREIGN KEY (`mt_id`) REFERENCES `mentor` (`mt_id`)
) ENGINE=InnoDB DEFAULT CHARSET=utf8mb3 COLLATE=utf8mb3_general_ci;

-- 테이블 데이터 dbdbdeep.student:~60 rows (대략적) 내보내기
INSERT INTO `student` (`std_id`, `std_name`, `std_phone`, `std_mail`, `gen_id`, `mt_id`, `std_vol`) VALUES
	(1, '하지민', '010-7532-2161', 'hjm3327@naver.com', 1, 1, 'y'),
	(2, '이서현', '010-5826-9374', 'rjanovsky1@unicef.org', 1, 2, 'y'),
	(3, '한지원', '010-3147-8526', 'smarshland2@cdc.gov', 1, 3, 'y'),
	(4, '김민현', '010-3698-7412', 'kkohneke3@stumbleupon.com', 1, 4, 'y'),
	(5, '정민수', '010-6283-7491', 'ahowsley4@cloudflare.com', 1, 5, 'y'),
	(6, '강승우', '010-7391-6285', 'obeane5@discovery.com', 1, 6, 'y'),
	(7, '이서민', '010-2684-9375', 'rlangford6@uol.com.br', 1, 1, 'y'),
	(8, '최지현', '010-7391-6285', 'etaggert7@sciencedirect.com', 1, 2, 'y'),
	(9, '조성현', '010-7531-8642', 'coakes8@rediff.com', 1, 3, 'y'),
	(10, '최지현', '010-9374-6285', 'rlovegrove9@freewebs.com', 1, 4, 'y'),
	(11, '강승현', '010-2684-9375', 'bwadeswortha@symantec.com', 1, 5, 'y'),
	(12, '조성현', '010-7391-6285', 'kmuslimb@gov.uk', 1, 6, 'y'),
	(13, '한지영', '010-2468-5193', 'sgilfoyc@globo.com', 1, 1, 'y'),
	(14, '조성현', '010-5826-9374', 'lhelliwelld@zdnet.com', 1, 2, 'y'),
	(15, '조성훈', '010-9374-6285', 'lgohne@youku.com', 1, 3, 'y'),
	(16, '임지원', '010-9172-3654', 'ktatemf@wp.com', 1, 4, 'y'),
	(17, '홍수현', '010-9374-6285', 'frockinghamg@mtv.com', 1, 5, 'y'),
	(18, '정민호', '010-7915-3468', 'kspadaroh@craigslist.org', 1, 6, 'y'),
	(19, '정민영', '010-6283-7491', 'kpellingtoni@bbb.org', 1, 1, 'y'),
	(20, '임지원', '010-9257-1468', 'otibbj@wired.com', 1, 2, 'y'),
	(21, '강승우', '010-7531-8642', 'mpardyk@ucoz.ru', 1, 3, 'y'),
	(22, '조성민', '010-5826-9374', 'rfaugheyl@exblog.jp', 1, 4, 'y'),
	(23, '이지현', '010-3147-8526', 'ksedmanm@webmd.com', 1, 5, 'y'),
	(24, '윤서현', '010-7391-6285', 'eizacenkon@disqus.com', 1, 6, 'y'),
	(25, '한지현', '010-7391-6285', 'parnowitzo@fda.gov', 1, 1, 'y'),
	(26, '임지영', '010-2738-4951', 'jvaszolyp@naver.com', 1, 2, 'y'),
	(27, '송재현', '010-9374-6285', 'byounghusbandq@state.tx.us', 1, 3, 'y'),
	(28, '박준호', '010-2684-9375', 'amooreedr@google.com', 1, 4, 'y'),
	(29, '박준수', '010-7391-6285', 'rnowlands@qq.com', 1, 5, 'y'),
	(30, '임지현', '010-2468-5193', 'tianinottit@purevolume.com', 1, 6, 'y'),
	(31, '강승지', '010-6283-7491', 'aregusu@hugedomains.com', 2, 1, 'y'),
	(32, '임지현', '010-7391-6285', 'balgiev@rediff.com', 2, 2, 'y'),
	(33, '조성현', '010-7391-6285', 'bgaynesw@addtoany.com', 2, 3, 'y'),
	(34, '정민현', '010-9876-5432', 'hgoacherx@plala.or.jp', 2, 4, 'y'),
	(35, '이지현', '010-2468-5193', 'alavery@spotify.com', 2, 5, 'y'),
	(36, '이서현', '010-9374-6285', 'charsez@vk.com', 2, 6, 'y'),
	(37, '송재현', '010-9172-3654', 'aalsobrook10@bbb.org', 2, 1, 'y'),
	(38, '박준영', '010-9182-5374', 'fcotes11@live.com', 2, 2, 'y'),
	(39, '장민호', '010-9374-6285', 'pviney12@berkeley.edu', 2, 3, 'y'),
	(40, '송재현', '010-6798-2351', 'rsmorthwaite13@google.ru', 2, 4, 'y'),
	(41, '송재현', '010-2468-1357', 'asimonds14@issuu.com', 2, 5, 'y'),
	(42, '윤서연', '010-9374-6285', 'rolsen15@scientificamerican.com', 2, 6, 'y'),
	(43, '임지현', '010-7391-6285', 'rgatecliffe16@cnet.com', 2, 1, 'y'),
	(44, '조성민', '010-7391-6285', 'oskeen17@trellian.com', 2, 2, 'y'),
	(45, '윤서현', '010-9374-6285', 'scarbert18@infoseek.co.jp', 2, 3, 'y'),
	(46, '송재현', '010-5826-9374', 'sgodden19@wordpress.com', 2, 4, 'y'),
	(47, '한지영', '010-3957-1826', 'cmarzelle1a@comcast.net', 2, 5, 'y'),
	(48, '박준현', '010-7391-6285', 'mbarns1b@go.com', 2, 6, 'y'),
	(49, '장민지', '010-3546-7289', 'dhuggan1c@illinois.edu', 2, 1, 'y'),
	(50, '송재원', '010-2468-5193', 'ngadd1d@bloomberg.com', 2, 2, 'y'),
	(51, '한지민', '010-7391-6285', 'hmacculloch1e@accuweather.com', 2, 3, 'y'),
	(52, '홍수민', '010-4826-7391', 'kubsdall1f@goo.ne.jp', 2, 4, 'y'),
	(53, '임지원', '010-2468-5193', 'mspurdle1g@mlb.com', 2, 5, 'y'),
	(54, '윤서연', '010-9374-6285', 'cbeeckx1h@uiuc.edu', 2, 6, 'y'),
	(55, '송재현', '010-9374-6285', 'lpostans1i@yale.edu', 2, 1, 'y'),
	(56, '최지현', '010-7391-6285', 'ahuggons1j@samsung.com', 2, 2, 'y'),
	(57, '장민호', '010-7391-6285', 'lsabattier1k@nba.com', 2, 3, 'y'),
	(58, '윤서현', '010-2468-5193', 'hmagog1l@mac.com', 1, 4, 'y'),
	(59, '윤서현', '010-2468-1357', 'freuven1m@globo.com', 1, 5, 'n'),
	(60, '장민수', '010-2468-5193', 'gskain1n@mozilla.com', 1, 6, 'n');

-- 테이블 dbdbdeep.subject 구조 내보내기
CREATE TABLE IF NOT EXISTS `subject` (
  `sub_id` int(11) NOT NULL,
  `sub_name` varchar(20) NOT NULL,
  PRIMARY KEY (`sub_id`)
) ENGINE=InnoDB DEFAULT CHARSET=utf8mb3 COLLATE=utf8mb3_general_ci;

-- 테이블 데이터 dbdbdeep.subject:~5 rows (대략적) 내보내기
INSERT INTO `subject` (`sub_id`, `sub_name`) VALUES
	(1, '기반기술'),
	(2, '백엔드'),
	(3, '프론트엔드'),
	(4, 'DevOps'),
	(5, '최종 프로젝트');

-- 테이블 dbdbdeep.teacher 구조 내보내기
CREATE TABLE IF NOT EXISTS `teacher` (
  `tc_id` int(11) NOT NULL,
  `tc_name` varchar(20) NOT NULL,
  `tc_phone` varchar(20) NOT NULL,
  `tc_email` varchar(50) NOT NULL,
  PRIMARY KEY (`tc_id`)
) ENGINE=InnoDB DEFAULT CHARSET=utf8mb3 COLLATE=utf8mb3_general_ci;

-- 테이블 데이터 dbdbdeep.teacher:~3 rows (대략적) 내보내기
INSERT INTO `teacher` (`tc_id`, `tc_name`, `tc_phone`, `tc_email`) VALUES
	(1, '임정섭', '010-1234-5678', 'jslim9413@naver.com'),
	(2, '김강사', '010-6542-9845', 'jslim0124@naver.com'),
	(3, '박티쳐', '010-3215-2348', 'jslim0124@naver.com');

/*!40103 SET TIME_ZONE=IFNULL(@OLD_TIME_ZONE, 'system') */;
/*!40101 SET SQL_MODE=IFNULL(@OLD_SQL_MODE, '') */;
/*!40014 SET FOREIGN_KEY_CHECKS=IFNULL(@OLD_FOREIGN_KEY_CHECKS, 1) */;
/*!40101 SET CHARACTER_SET_CLIENT=@OLD_CHARACTER_SET_CLIENT */;
/*!40111 SET SQL_NOTES=IFNULL(@OLD_SQL_NOTES, 1) */;
